{"timestamp": "2025-07-11T16:38:33.860159", "engine_id": "ENG-002", "chamber_pressure": 278.29717969037296, "fuel_flow": 118.47715585736914, "temperature": 4098.12026835732}
{"timestamp": "2025-07-11T16:38:38.723818", "engine_id": "ENG-001", "chamber_pressure": 285.80782335144204, "fuel_flow": 149.9824530951776, "temperature": 4021.8421228885154}
{"timestamp": "2025-07-11T16:38:41.681973", "engine_id": "ENG-003", "chamber_pressure": 291.8318519256489, "fuel_flow": 145.6294674570212, "temperature": 4139.015712254456}
{"timestamp": "2025-07-11T16:38:43.955499", "engine_id": "ENG-001", "chamber_pressure": 278.21563376065893, "fuel_flow": 147.67850966988416, "temperature": 4122.31737482929}
{"timestamp": "2025-07-11T16:38:48.871982", "engine_id": "ENG-005", "chamber_pressure": 263.4694748363279, "fuel_flow": 131.85873288729735, "temperature": 4022.308453718498}
{"timestamp": "2025-07-11T16:38:51.086205", "engine_id": "ENG-005", "chamber_pressure": 287.4597260429353, "fuel_flow": 139.83776343119055, "temperature": 4089.0511184097227}
{"timestamp": "2025-07-11T16:38:55.288145", "engine_id": "ENG-001", "chamber_pressure": 274.41134469434473, "fuel_flow": 147.63555501997345, "temperature": 4056.980579816762}
{"timestamp": "2025-07-11T16:38:56.607239", "engine_id": "ENG-005", "chamber_pressure": 282.9741934516096, "fuel_flow": 138.47378774851563, "temperature": 3964.1015835993007}
{"timestamp": "2025-07-11T16:38:59.119427", "engine_id": "ENG-005", "chamber_pressure": 273.7982083493055, "fuel_flow": 120.44579080588318, "temperature": 4035.555222145266}
{"timestamp": "2025-07-11T16:39:03.684053", "engine_id": "ENG-001", "chamber_pressure": 286.4834827178171, "fuel_flow": 125.18693213927182, "temperature": 4025.914466043263}
{"timestamp": "2025-07-11T16:39:07.449205", "engine_id": "ENG-001", "chamber_pressure": 281.466371219153, "fuel_flow": 131.7632852912384, "temperature": 4033.57397590691}
{"timestamp": "2025-07-11T16:39:09.762436", "engine_id": "ENG-001", "chamber_pressure": 285.88148934892763, "fuel_flow": 128.9609855841557, "temperature": 4090.102166285018}
{"timestamp": "2025-07-11T16:39:12.301414", "engine_id": "ENG-002", "chamber_pressure": 264.2423349738416, "fuel_flow": 121.20088961951375, "temperature": 4080.640447422831}
{"timestamp": "2025-07-11T16:39:16.540192", "engine_id": "ENG-005", "chamber_pressure": 274.0630908110334, "fuel_flow": 130.88444886430474, "temperature": 4050.85758579809}
{"timestamp": "2025-07-11T16:39:19.758130", "engine_id": "ENG-001", "chamber_pressure": 264.55584477467806, "fuel_flow": 142.70244591014347, "temperature": 4103.616792824679}
{"timestamp": "2025-07-11T16:39:22.981565", "engine_id": "ENG-002", "chamber_pressure": 252.64916892311103, "fuel_flow": 122.02435376723366, "temperature": 4123.690761140007}
{"timestamp": "2025-07-11T16:39:24.231342", "engine_id": "ENG-001", "chamber_pressure": 287.57122555625267, "fuel_flow": 133.60650507000392, "temperature": 4071.613182595177}
{"timestamp": "2025-07-11T16:39:28.478763", "engine_id": "ENG-002", "chamber_pressure": 257.8305943917864, "fuel_flow": 134.36613078657942, "temperature": 4150.648880369064}
{"timestamp": "2025-07-11T16:39:30.352051", "engine_id": "ENG-003", "chamber_pressure": 292.5314086033684, "fuel_flow": 145.92815884722606, "temperature": 4042.8836779042363}
{"timestamp": "2025-07-11T16:39:34.173417", "engine_id": "ENG-002", "chamber_pressure": 261.8886298415003, "fuel_flow": 124.16573250611825, "temperature": 4221.06878442831}
{"timestamp": "2025-07-11T16:39:36.545658", "engine_id": "ENG-005", "chamber_pressure": 280.0388277178704, "fuel_flow": 137.502248868133, "temperature": 4157.8776449025845}
{"timestamp": "2025-07-11T16:39:38.350636", "engine_id": "ENG-005", "chamber_pressure": 275.2614269931935, "fuel_flow": 132.7323027601087, "temperature": 4026.631828995252}
{"timestamp": "2025-07-11T16:39:42.229949", "engine_id": "ENG-001", "chamber_pressure": 287.328450636766, "fuel_flow": 147.28588244614178, "temperature": 4101.248098861379}
{"timestamp": "2025-07-11T16:39:45.211058", "engine_id": "ENG-001", "chamber_pressure": 285.9090370413119, "fuel_flow": 141.28986450983234, "temperature": 4134.801693355346}
{"timestamp": "2025-07-11T16:39:49.697303", "engine_id": "ENG-003", "chamber_pressure": 287.74933225522426, "fuel_flow": 144.75917592397613, "temperature": 4063.8011156481}
{"timestamp": "2025-07-11T16:39:52.292263", "engine_id": "ENG-003", "chamber_pressure": 294.55028410464104, "fuel_flow": 141.15163782132365, "temperature": 4092.076985967917}
{"timestamp": "2025-07-11T16:39:54.245142", "engine_id": "ENG-002", "chamber_pressure": 262.22169579882774, "fuel_flow": 126.59853444382169, "temperature": 4183.720894916124}
{"timestamp": "2025-07-11T16:39:57.231662", "engine_id": "ENG-005", "chamber_pressure": 273.44288442029523, "fuel_flow": 128.55958731943588, "temperature": 4131.758946809804}
{"timestamp": "2025-07-11T16:40:01.057745", "engine_id": "ENG-003", "chamber_pressure": 291.45239274910716, "fuel_flow": 147.2376469230293, "temperature": 4101.634106279058}
{"timestamp": "2025-07-11T16:40:05.536099", "engine_id": "ENG-001", "chamber_pressure": 290.8002972339668, "fuel_flow": 141.6584668435702, "temperature": 4082.196933973832}
{"timestamp": "2025-07-11T16:40:06.731947", "engine_id": "ENG-003", "chamber_pressure": 290.3967158969197, "fuel_flow": 147.0985103435042, "temperature": 4129.789194064011}
{"timestamp": "2025-07-11T16:40:08.030233", "engine_id": "ENG-002", "chamber_pressure": 255.11846929546869, "fuel_flow": 129.41944958456898, "temperature": 4165.750359261592}
{"timestamp": "2025-07-11T16:40:12.225984", "engine_id": "ENG-003", "chamber_pressure": 269.9304705498502, "fuel_flow": 144.79837014410109, "temperature": 4104.160321402933}
{"timestamp": "2025-07-11T16:40:14.678294", "engine_id": "ENG-002", "chamber_pressure": 249.48832924839866, "fuel_flow": 118.54514928662135, "temperature": 4155.192600494091}
{"timestamp": "2025-07-11T16:40:18.845692", "engine_id": "ENG-001", "chamber_pressure": 288.9353545970828, "fuel_flow": 139.52751240144426, "temperature": 4029.677470133256}
{"timestamp": "2025-07-11T16:40:22.961622", "engine_id": "ENG-004", "chamber_pressure": 267.7445668783507, "fuel_flow": 114.33575856307297, "temperature": 4158.3418292420765}
{"timestamp": "2025-07-11T16:40:24.922939", "engine_id": "ENG-004", "chamber_pressure": 278.09390387060205, "fuel_flow": 124.87672542745103, "temperature": 4095.240183049112}
{"timestamp": "2025-07-11T16:40:26.367581", "engine_id": "ENG-002", "chamber_pressure": 246.69178724769907, "fuel_flow": 138.87748467812435, "temperature": 4127.886195073234}
{"timestamp": "2025-07-11T16:40:28.671264", "engine_id": "ENG-001", "chamber_pressure": 273.78202578337545, "fuel_flow": 152.94688831397715, "temperature": 4045.684956464589}
{"timestamp": "2025-07-11T16:40:32.346091", "engine_id": "ENG-002", "chamber_pressure": 269.5449417962931, "fuel_flow": 119.78663607235438, "temperature": 4123.279108660483}
{"timestamp": "2025-07-11T16:40:35.849271", "engine_id": "ENG-002", "chamber_pressure": 270.50413445543825, "fuel_flow": 120.090941728237, "temperature": 4174.059261772212}
{"timestamp": "2025-07-11T16:40:38.254575", "engine_id": "ENG-001", "chamber_pressure": 290.7408836073299, "fuel_flow": 139.6997351823259, "temperature": 4072.434393613119}
{"timestamp": "2025-07-11T16:40:42.199181", "engine_id": "ENG-001", "chamber_pressure": 269.556740683985, "fuel_flow": 151.45250152955367, "temperature": 4061.3812153305503}
{"timestamp": "2025-07-11T16:40:44.085397", "engine_id": "ENG-001", "chamber_pressure": 287.93301531527663, "fuel_flow": 140.08194638852228, "temperature": 4089.269326914022}
{"timestamp": "2025-07-11T16:40:46.025498", "engine_id": "ENG-001", "chamber_pressure": 287.4068755695741, "fuel_flow": 129.0663483496721, "temperature": 4098.690840343284}
{"timestamp": "2025-07-11T16:40:49.270899", "engine_id": "ENG-005", "chamber_pressure": 280.53680387010286, "fuel_flow": 142.27288467681967, "temperature": 4134.770865321103}
{"timestamp": "2025-07-11T16:40:52.910648", "engine_id": "ENG-004", "chamber_pressure": 265.74987361889356, "fuel_flow": 127.49621336556605, "temperature": 4188.184014258774}
{"timestamp": "2025-07-11T16:40:56.170993", "engine_id": "ENG-003", "chamber_pressure": 307.2845069084787, "fuel_flow": 131.25891295507358, "temperature": 4047.6904116398514}
{"timestamp": "2025-07-11T16:41:00.513722", "engine_id": "ENG-003", "chamber_pressure": 291.7965479566745, "fuel_flow": 130.34925607672977, "temperature": 3985.93237180345}
{"timestamp": "2025-07-11T16:41:02.202687", "engine_id": "ENG-005", "chamber_pressure": 257.5998218492754, "fuel_flow": 138.50887038715044, "temperature": 4016.1010443970126}
{"timestamp": "2025-07-11T16:41:03.963264", "engine_id": "ENG-004", "chamber_pressure": 268.77658959276846, "fuel_flow": 131.08514684348896, "temperature": 4093.106392451415}
{"timestamp": "2025-07-11T16:41:06.455719", "engine_id": "ENG-002", "chamber_pressure": 260.5631523267204, "fuel_flow": 120.24769841636663, "temperature": 4132.232877047837}
{"timestamp": "2025-07-11T16:41:11.260660", "engine_id": "ENG-002", "chamber_pressure": 278.68793598794144, "fuel_flow": 124.5669631313916, "temperature": 4122.03540618059}
{"timestamp": "2025-07-11T16:41:13.155770", "engine_id": "ENG-005", "chamber_pressure": 272.1798790521303, "temperature": 3996.806601079496}
{"timestamp": "2025-07-11T16:41:16.844400", "engine_id": "ENG-001", "chamber_pressure": 265.08872736122385, "fuel_flow": 140.94871945489345, "temperature": 4131.328739887234}
{"timestamp": "2025-07-11T16:41:18.823098", "engine_id": "ENG-002", "chamber_pressure": 282.8646041048631, "fuel_flow": 129.307989131938, "temperature": 4182.097856500936}
{"timestamp": "2025-07-11T16:41:22.817166", "engine_id": "ENG-002", "chamber_pressure": 263.5427983783315, "fuel_flow": 134.20570876455596, "temperature": 4230.4071035914185}
{"timestamp": "2025-07-11T16:41:24.881870", "engine_id": "ENG-001", "chamber_pressure": 283.77439214016, "fuel_flow": 138.48420876581622, "temperature": 4023.7981706071723}
{"timestamp": "2025-07-11T16:41:27.009265", "engine_id": "ENG-005", "chamber_pressure": 258.25728896165714, "fuel_flow": 128.85420478161907, "temperature": 4056.1574490561443}
{"timestamp": "2025-07-11T16:41:28.148419", "engine_id": "ENG-001", "chamber_pressure": 290.3545233402143, "fuel_flow": 129.48145585888236, "temperature": 4048.202001174454}
{"timestamp": "2025-07-11T16:41:33.035178", "engine_id": "ENG-005", "chamber_pressure": 279.32986848596875, "fuel_flow": 479.04504658942255, "temperature": 4099.094968100417}
{"timestamp": "2025-07-11T16:41:34.852296", "engine_id": "ENG-005", "chamber_pressure": 292.23627365930696, "fuel_flow": 138.15652843332558, "temperature": -31.406163352479723}
{"timestamp": "2025-07-11T16:41:36.241987", "engine_id": "ENG-002", "chamber_pressure": 282.05959054081023, "fuel_flow": 118.18899573244578, "temperature": 4135.642441400247}
{"timestamp": "2025-07-11T16:41:40.809011", "engine_id": "ENG-004", "chamber_pressure": 279.3579398656576, "fuel_flow": 131.38353169346414, "temperature": 4102.29340667521}
{"timestamp": "2025-07-11T16:41:45.382485", "engine_id": "ENG-001", "chamber_pressure": 293.6616460138142, "fuel_flow": 463.22706161386304, "temperature": 4026.5124272231446}
{"timestamp": "2025-07-11T16:41:46.692362", "engine_id": "ENG-005", "chamber_pressure": 272.33334946272686, "fuel_flow": 134.1659891531018, "temperature": 4122.890115592887}
{"timestamp": "2025-07-11T16:41:48.940983", "engine_id": "ENG-005", "chamber_pressure": 264.990656113838, "fuel_flow": 128.1787060297952, "temperature": 4154.382079168902}
{"timestamp": "2025-07-11T16:41:51.001793", "engine_id": "ENG-003", "chamber_pressure": 299.1845749963243, "fuel_flow": 135.4039190182906, "temperature": 4091.1399419442755}
{"timestamp": "2025-07-11T16:41:53.319037", "engine_id": "ENG-003", "chamber_pressure": 299.9069496915848, "fuel_flow": 149.576450856126, "temperature": 3968.1920368252}
{"timestamp": "2025-07-11T16:41:56.196844", "engine_id": "ENG-002", "chamber_pressure": 280.94263284985055, "fuel_flow": 124.2183477782925, "temperature": 4172.146801031461}
{"timestamp": "2025-07-11T16:41:58.980128", "engine_id": "ENG-004", "chamber_pressure": 255.4196144772277, "fuel_flow": 134.65569526192613, "temperature": 4059.230334927766}
{"timestamp": "2025-07-11T16:42:03.876413", "engine_id": "ENG-002", "chamber_pressure": 261.30978454834013, "fuel_flow": 103.15095861137831, "temperature": 4194.622891701883}
{"timestamp": "2025-07-11T16:42:05.635826", "engine_id": "ENG-001", "chamber_pressure": 288.0870439932925, "fuel_flow": 151.63362029925327, "temperature": 4047.4231650211773}
{"timestamp": "2025-07-11T16:42:09.662150", "engine_id": "ENG-005", "chamber_pressure": 277.32148264039085, "fuel_flow": 126.64144547501382, "temperature": 4057.282072396648}
{"timestamp": "2025-07-11T16:42:13.886808", "engine_id": "ENG-002", "chamber_pressure": 268.87311795094814, "fuel_flow": 122.72415998101343, "temperature": 4170.768195413472}
{"timestamp": "2025-07-11T16:42:17.953689", "engine_id": "ENG-001", "chamber_pressure": 284.43902446559326, "fuel_flow": 146.732128270595, "temperature": 4067.1183344798756}
{"timestamp": "2025-07-11T16:42:21.480231", "engine_id": "ENG-002", "chamber_pressure": 264.27317010721714, "fuel_flow": 121.55532008344116, "temperature": 4200.069413284466}
{"timestamp": "2025-07-11T16:42:23.132802", "engine_id": "ENG-005", "chamber_pressure": 278.45076192173036, "fuel_flow": 144.59671497690545, "temperature": 4044.6183473577953}
{"timestamp": "2025-07-11T16:42:26.492697", "engine_id": "ENG-004", "chamber_pressure": 294.29069881032524, "fuel_flow": 139.52529279456724, "temperature": 4150.801935415332}
{"timestamp": "2025-07-11T16:42:27.712679", "engine_id": "ENG-003", "chamber_pressure": 293.42287072005416, "fuel_flow": 150.2140116868147, "temperature": 4089.561774722044}
{"timestamp": "2025-07-11T16:42:31.735159", "engine_id": "ENG-001", "chamber_pressure": 266.62244746928945, "fuel_flow": 152.91270259367172, "temperature": 4037.350163652002}
{"timestamp": "2025-07-11T16:42:36.138918", "engine_id": "ENG-002", "chamber_pressure": 254.29053115874905, "fuel_flow": 126.32734094740334, "temperature": 4153.140702636353}
{"timestamp": "2025-07-11T16:42:37.292195", "engine_id": "ENG-002", "chamber_pressure": 266.559399659151, "fuel_flow": 114.37714267218837, "temperature": 4157.166724993973}
{"timestamp": "2025-07-11T16:42:41.419536", "engine_id": "ENG-002", "chamber_pressure": 251.7211255702069, "fuel_flow": 136.86781754888455, "temperature": 4203.15742194366}
{"timestamp": "2025-07-11T16:42:44.726351", "engine_id": "ENG-001", "chamber_pressure": 280.219003140256, "fuel_flow": 125.01722221386775, "temperature": 4040.4749168258813}
{"timestamp": "2025-07-11T16:42:49.105374", "engine_id": "ENG-005", "chamber_pressure": 271.67482597515647, "fuel_flow": 128.65336555759572, "temperature": 4115.1681010859875}
{"timestamp": "2025-07-11T16:42:50.473325", "engine_id": "ENG-005", "chamber_pressure": 267.254004568184, "fuel_flow": 133.16609173412107, "temperature": 4156.46672461989}
{"timestamp": "2025-07-11T16:42:53.271829", "engine_id": "ENG-001", "chamber_pressure": 284.3823524339564, "fuel_flow": 128.81957617613173, "temperature": 4116.904738166567}
{"timestamp": "2025-07-11T16:42:56.060189", "engine_id": "ENG-001", "chamber_pressure": 291.457408140389, "fuel_flow": 142.126228594735, "temperature": 4095.8322743350113}
{"timestamp": "2025-07-11T16:42:57.889689", "engine_id": "ENG-002", "chamber_pressure": 252.18174346755222, "fuel_flow": 144.16122759142118, "temperature": 4085.739315753598}
{"timestamp": "2025-07-11T16:42:59.885003", "engine_id": "ENG-003", "chamber_pressure": 300.6191327400513, "fuel_flow": 146.52630648359346, "temperature": 3994.167017557193}
{"timestamp": "2025-07-11T16:43:02.093417", "engine_id": "ENG-005", "chamber_pressure": 268.3893840067561, "fuel_flow": 143.91394964801313, "temperature": 3989.1849743707025}
{"timestamp": "2025-07-11T16:43:03.359926", "engine_id": "ENG-005", "chamber_pressure": 270.170692548286, "fuel_flow": 142.27099639130648, "temperature": 4143.435699569574}
{"timestamp": "2025-07-11T16:43:07.681484", "engine_id": "ENG-005", "chamber_pressure": 274.29148487544074, "fuel_flow": 114.98513614561813, "temperature": 4100.61270842299}
{"timestamp": "2025-07-11T16:43:10.396205", "engine_id": "ENG-002", "chamber_pressure": 239.5016667268981, "fuel_flow": 124.234694540586, "temperature": 4143.512350947782}
{"timestamp": "2025-07-11T16:43:13.763330", "engine_id": "ENG-004", "chamber_pressure": 271.0952312586143, "fuel_flow": 143.01425939902444, "temperature": 4167.682754871965}
{"timestamp": "2025-07-11T16:43:15.299651", "engine_id": "ENG-002", "chamber_pressure": 277.3049538622986, "fuel_flow": 129.7275789950735, "temperature": 4137.9007328999905}
{"timestamp": "2025-07-11T16:43:16.359540", "engine_id": "ENG-004", "chamber_pressure": 276.7550131466554, "fuel_flow": 134.29964309033443, "temperature": 4081.8064820052527}
{"timestamp": "2025-07-11T16:43:20.545295", "engine_id": "ENG-003", "chamber_pressure": 278.5501978131968, "fuel_flow": 150.8308925374624, "temperature": 4081.4160540787684}
{"timestamp": "2025-07-11T16:43:23.022266", "engine_id": "ENG-001", "chamber_pressure": 286.7157851253416, "fuel_flow": 0, "temperature": 4092.4198739008543}
{"timestamp": "2025-07-11T16:43:26.946215", "engine_id": "ENG-002", "chamber_pressure": 250.89582340750948, "fuel_flow": 116.78162542837786, "temperature": 4207.808075441349}
{"timestamp": "2025-07-11T16:43:29.134014", "engine_id": "ENG-002", "chamber_pressure": 259.3766918019684, "fuel_flow": 119.99725676429753, "temperature": 4112.966114362457}
{"timestamp": "2025-07-11T16:43:32.603010", "engine_id": "ENG-005", "chamber_pressure": 297.5659583035392, "fuel_flow": 138.59668280887183, "temperature": 4141.601302376914}
{"timestamp": "2025-07-11T16:43:33.885045", "engine_id": "ENG-005", "chamber_pressure": 267.52751250582605, "fuel_flow": 0, "temperature": 4144.079227714743}
{"timestamp": "2025-07-11T16:43:38.400660", "engine_id": "ENG-004", "chamber_pressure": 264.9475661226637, "fuel_flow": 124.42706212348848, "temperature": 4137.818000644519}
{"timestamp": "2025-07-11T16:43:41.690743", "engine_id": "ENG-001", "chamber_pressure": 287.3933372526979, "fuel_flow": 124.51187512910582, "temperature": 4044.642140879108}
{"timestamp": "2025-07-11T16:43:43.280612", "engine_id": "ENG-001", "chamber_pressure": 271.58192388620756, "fuel_flow": 131.20025811583403, "temperature": 4099.870946768564}
{"timestamp": "2025-07-11T16:43:47.138146", "engine_id": "ENG-003", "chamber_pressure": 289.9828052228525, "fuel_flow": 142.14142380298676, "temperature": 4015.8119511524988}
{"timestamp": "2025-07-11T16:43:51.605060", "engine_id": "ENG-004", "chamber_pressure": 266.4122182145083, "fuel_flow": 145.39045432543713, "temperature": 4033.15255544086}
{"timestamp": "2025-07-11T16:43:55.237293", "engine_id": "ENG-002", "chamber_pressure": 257.6140529080934, "fuel_flow": 125.26713783526047, "temperature": 4166.0290387149125}
{"timestamp": "2025-07-11T16:43:59.737731", "engine_id": "ENG-002", "chamber_pressure": 279.97562682588864, "fuel_flow": 115.86526774670953, "temperature": 4095.3163948990527}
{"timestamp": "2025-07-11T16:44:01.819343", "engine_id": "ENG-005", "chamber_pressure": 274.7979722474632}
{"timestamp": "2025-07-11T16:44:06.145230", "engine_id": "ENG-003", "chamber_pressure": 278.20406128699443, "fuel_flow": 141.0105536058416, "temperature": 4026.1561289964984}
{"timestamp": "2025-07-11T16:44:08.316921", "engine_id": "ENG-003", "chamber_pressure": 307.68188331067483, "fuel_flow": 137.6130773976725, "temperature": 4076.01238767696}
{"timestamp": "2025-07-11T16:44:13.039216", "engine_id": "ENG-001", "chamber_pressure": 291.83716062424685, "fuel_flow": 137.48936041332183, "temperature": 9837.306662128467}
{"timestamp": "2025-07-11T16:44:15.848654", "engine_id": "ENG-003", "chamber_pressure": 303.3078293130327, "fuel_flow": 126.27946142618383, "temperature": 4069.7258515346743}
{"timestamp": "2025-07-11T16:44:17.608930", "engine_id": "ENG-003", "chamber_pressure": 298.79541277786944, "fuel_flow": 138.28880093879513, "temperature": 4001.375823087726}
{"timestamp": "2025-07-11T16:44:22.555241", "engine_id": "ENG-002", "chamber_pressure": 258.86355551798283, "fuel_flow": 132.0612869295311, "temperature": 4259.462208705153}
{"timestamp": "2025-07-11T16:44:25.706105", "engine_id": "ENG-004", "chamber_pressure": 263.2514432061306, "fuel_flow": 139.56831224442976, "temperature": 4111.317983615535}
{"timestamp": "2025-07-11T16:44:28.552958", "engine_id": "ENG-003", "chamber_pressure": 281.85671747138, "fuel_flow": 143.52133852350073, "temperature": 4049.618038800208}
{"timestamp": "2025-07-11T16:44:32.950245", "engine_id": "ENG-005", "chamber_pressure": 285.54722844540885, "fuel_flow": 133.37486520135295, "temperature": 4061.77616785272}
{"timestamp": "2025-07-11T16:44:35.810039", "engine_id": "ENG-005", "chamber_pressure": 288.81737580951483, "fuel_flow": 140.6747185175481, "temperature": 4134.852692091087}
{"timestamp": "2025-07-11T16:44:40.750916", "engine_id": "ENG-002", "chamber_pressure": 277.05976637957735, "fuel_flow": 136.96212739164207, "temperature": 4049.0267788194906}
{"timestamp": "2025-07-11T16:44:44.022875", "engine_id": "ENG-005", "chamber_pressure": 284.7135749561498, "fuel_flow": 138.35893210546038, "temperature": 4109.88504529984}
{"timestamp": "2025-07-11T16:44:45.710027", "engine_id": "ENG-002", "chamber_pressure": 259.42365985573736, "fuel_flow": 114.6060046415432, "temperature": 4122.880217032796}
{"timestamp": "2025-07-11T16:44:50.445691", "engine_id": "ENG-001", "chamber_pressure": 268.31930678892365, "fuel_flow": 141.62906852174234, "temperature": 4074.351354662376}
{"timestamp": "2025-07-11T16:44:54.242110", "engine_id": "ENG-004", "chamber_pressure": 271.0729907030028, "fuel_flow": 133.92643105881507, "temperature": 4117.421442435117}
{"timestamp": "2025-07-11T16:44:55.943124", "engine_id": "ENG-003", "chamber_pressure": 288.0271227093621, "fuel_flow": 147.7348433139046, "temperature": 4048.2745723114035}
{"timestamp": "2025-07-11T16:44:59.483634", "engine_id": "ENG-005", "chamber_pressure": 270.7195897726074, "fuel_flow": 150.7987064666418, "temperature": 4089.70199492233}
{"timestamp": "2025-07-11T16:45:01.577728", "engine_id": "ENG-004", "chamber_pressure": 279.9545400234468, "fuel_flow": 126.90705702613562, "temperature": 4063.972254349355}
{"timestamp": "2025-07-11T16:45:05.526385", "engine_id": "ENG-001", "chamber_pressure": 280.74972455295506, "fuel_flow": 133.96757890310033, "temperature": 4094.6114865454647}
{"timestamp": "2025-07-11T16:45:08.617650", "engine_id": "ENG-005", "chamber_pressure": 274.33097856588273, "fuel_flow": 137.8653760043839, "temperature": 4178.255910250256}
{"timestamp": "2025-07-11T16:45:10.118881", "engine_id": "ENG-005", "chamber_pressure": 291.6344388497138, "fuel_flow": 142.32245332942622, "temperature": 4122.291439291472}
{"timestamp": "2025-07-11T16:45:15.085834", "engine_id": "ENG-005", "chamber_pressure": 275.97976247972395, "fuel_flow": 131.27508873062487, "temperature": 4058.699866050461}
{"timestamp": "2025-07-11T16:45:19.359594", "engine_id": "ENG-002", "chamber_pressure": 252.22323663337932, "fuel_flow": 132.9551950290035, "temperature": 4118.61219720523}
{"timestamp": "2025-07-11T16:45:22.572756", "engine_id": "ENG-002", "chamber_pressure": 258.86053809548355, "fuel_flow": 133.3579077994334, "temperature": -166.96473831038284}
{"timestamp": "2025-07-11T16:45:26.237135", "engine_id": "ENG-001", "chamber_pressure": 281.1324605068549, "fuel_flow": 141.66425436653265, "temperature": 4058.0923763390797}
{"timestamp": "2025-07-11T16:45:28.050403", "engine_id": "ENG-003", "chamber_pressure": 282.14791015538447, "fuel_flow": 145.52284590185002, "temperature": 4007.7598822800423}
{"timestamp": "2025-07-11T16:45:31.143416", "engine_id": "ENG-004", "chamber_pressure": 276.0468688229894, "fuel_flow": 125.71245464830926, "temperature": 4045.865694692998}
{"timestamp": "2025-07-11T16:45:35.087879", "engine_id": "ENG-001", "chamber_pressure": 269.96920876170884, "fuel_flow": 128.5401178042239, "temperature": 4157.048079279554}
{"timestamp": "2025-07-11T16:45:36.150914", "engine_id": "ENG-004", "chamber_pressure": 285.4400718052595, "fuel_flow": 135.08324288180123, "temperature": 4136.355342828797}
{"timestamp": "2025-07-11T16:45:41.123729", "engine_id": "ENG-005", "chamber_pressure": 268.4647388684541, "fuel_flow": 137.6612076379355, "temperature": 4154.007946072532}
{"timestamp": "2025-07-11T16:45:44.187682", "engine_id": "ENG-002", "chamber_pressure": 279.3177396897181, "fuel_flow": 134.4197868386299, "temperature": 4167.999888962022}
{"timestamp": "2025-07-11T16:45:48.709415", "engine_id": "ENG-002", "chamber_pressure": 269.23681029080313, "fuel_flow": 128.85436694774995, "temperature": 4215.40465504168}
{"timestamp": "2025-07-11T16:45:52.693887", "engine_id": "ENG-001", "chamber_pressure": 280.6774662420288, "fuel_flow": 135.89094300382055, "temperature": 4034.6106934610148}
{"timestamp": "2025-07-11T16:45:57.493322", "engine_id": "ENG-004", "chamber_pressure": 282.22023025908277, "fuel_flow": 136.84987298834972, "temperature": 4123.206575751078}
{"timestamp": "2025-07-11T16:45:58.970995", "engine_id": "ENG-003", "chamber_pressure": 295.94073788757356, "fuel_flow": 147.08358676616638, "temperature": 4027.696720888842}
{"timestamp": "2025-07-11T16:46:03.393808", "engine_id": "ENG-001", "chamber_pressure": 294.677658386044, "fuel_flow": 137.21173023591373, "temperature": 4198.628097845527}
{"timestamp": "2025-07-11T16:46:06.797784", "engine_id": "ENG-005", "chamber_pressure": 273.2670354590201, "fuel_flow": 136.163585033818, "temperature": 4031.7169576974475}
{"timestamp": "2025-07-11T16:46:11.758783", "engine_id": "ENG-001", "chamber_pressure": 284.6781201540678, "fuel_flow": 127.21733310548979, "temperature": 4133.389432463879}
{"timestamp": "2025-07-11T16:46:16.394580", "engine_id": "ENG-002", "chamber_pressure": 276.3463679866955, "fuel_flow": 129.26727189995086, "temperature": 4198.412854507386}
{"timestamp": "2025-07-11T16:46:19.218775", "engine_id": "ENG-001", "chamber_pressure": 287.7879734016369, "fuel_flow": 139.03653218632044, "temperature": 4068.1982376010806}
{"timestamp": "2025-07-11T16:46:24.088032", "engine_id": "ENG-001", "chamber_pressure": 289.10822543196986, "fuel_flow": 139.2525539256063, "temperature": 4117.235920540417}
{"timestamp": "2025-07-11T16:46:26.211568", "engine_id": "ENG-004", "chamber_pressure": 268.3265311867657, "fuel_flow": 142.98902945431828, "temperature": 4054.302053891213}
{"timestamp": "2025-07-11T16:46:28.478270", "engine_id": "ENG-001", "chamber_pressure": 289.5686027303126, "fuel_flow": 149.17824854716926, "temperature": 4091.852802683137}
{"timestamp": "2025-07-11T16:46:31.846363", "engine_id": "ENG-003", "chamber_pressure": 292.04288455308904, "fuel_flow": 147.5529106566165, "temperature": 3996.08179504705}
{"timestamp": "2025-07-11T16:46:33.151531", "engine_id": "ENG-005", "chamber_pressure": 281.41735630051005, "fuel_flow": 146.78530966240058, "temperature": 3936.140013719694}
{"timestamp": "2025-07-11T16:46:36.153550", "engine_id": "ENG-001", "chamber_pressure": 273.1712913719695, "fuel_flow": 138.3955698963208, "temperature": 4123.27070237873}
{"timestamp": "2025-07-11T16:46:37.878493", "engine_id": "ENG-001", "chamber_pressure": 271.31636341259946, "fuel_flow": 133.38617610454202, "temperature": 4035.762902859347}
{"timestamp": "2025-07-11T16:46:41.967446", "engine_id": "ENG-005", "chamber_pressure": 288.9024513992566, "fuel_flow": 126.58081603957592, "temperature": 4016.711911296705}
{"timestamp": "2025-07-11T16:46:43.873927", "engine_id": "ENG-004", "chamber_pressure": 279.92147652758337, "fuel_flow": 135.81367247548195, "temperature": 4099.858416176183}
{"timestamp": "2025-07-11T16:46:48.512310", "engine_id": "ENG-004", "chamber_pressure": 271.63171939419544, "fuel_flow": 144.26255757059744, "temperature": 4098.233162400869}
{"timestamp": "2025-07-11T16:46:50.048436", "engine_id": "ENG-002", "chamber_pressure": 266.2192726797435, "fuel_flow": 113.33332334035204, "temperature": 4129.179053224599}
{"timestamp": "2025-07-11T16:46:54.149876", "engine_id": "ENG-004", "chamber_pressure": 281.3974404399649, "fuel_flow": 143.72749711959202, "temperature": 4045.535397888082}
{"timestamp": "2025-07-11T16:46:56.690563", "engine_id": "ENG-005", "chamber_pressure": 283.48917136961256, "fuel_flow": 138.51271857172355, "temperature": 4098.343966894183}
{"timestamp": "2025-07-11T16:46:57.724332", "engine_id": "ENG-002", "chamber_pressure": 249.83300127625625, "fuel_flow": 115.92258399662265, "temperature": 4157.847749615212}
{"timestamp": "2025-07-11T16:47:01.439341", "engine_id": "ENG-002", "chamber_pressure": 264.50325156897645, "fuel_flow": 119.01110003903422, "temperature": 4096.476697913282}
{"timestamp": "2025-07-11T16:47:04.374115", "engine_id": "ENG-004", "chamber_pressure": 273.76819841037457, "fuel_flow": 131.65063487587818, "temperature": 4085.226394812283}
{"timestamp": "2025-07-11T16:47:05.391412", "engine_id": "ENG-004", "chamber_pressure": 273.2107597297713, "fuel_flow": 137.9304536418425, "temperature": 4140.959105985742}
{"timestamp": "2025-07-11T16:47:09.633436", "engine_id": "ENG-003", "chamber_pressure": 297.5494939684291, "fuel_flow": 151.53926792481275, "temperature": 3987.3258289919218}
{"timestamp": "2025-07-11T16:47:14.074835", "engine_id": "ENG-002", "chamber_pressure": 264.8569238423371, "fuel_flow": 130.5738267764648}
{"timestamp": "2025-07-11T16:47:16.435401", "engine_id": "ENG-001", "chamber_pressure": 283.4690338340908, "fuel_flow": 125.14871714505729, "temperature": 4091.287409039859}
{"timestamp": "2025-07-11T16:47:18.317986", "engine_id": "ENG-004", "chamber_pressure": 274.5174216056967, "fuel_flow": 130.86384225959955, "temperature": 4107.802484781454}
{"timestamp": "2025-07-11T16:47:19.400008", "engine_id": "ENG-005", "chamber_pressure": 284.40295737252063, "fuel_flow": 130.75402713966224, "temperature": 4080.4214667988917}
{"timestamp": "2025-07-11T16:47:21.985529", "engine_id": "ENG-001", "chamber_pressure": 303.4675984627052, "fuel_flow": 134.5728288632671, "temperature": 3979.8572484411266}
{"timestamp": "2025-07-11T16:47:25.576003", "engine_id": "ENG-003", "chamber_pressure": 306.2991161029441, "fuel_flow": 147.59967990499206, "temperature": 4068.811378449026}
{"timestamp": "2025-07-11T16:47:28.180006", "engine_id": "ENG-005", "chamber_pressure": 300.2337425273898, "fuel_flow": 134.62583822825837, "temperature": 4106.33294890894}
{"timestamp": "2025-07-11T16:47:32.003184", "engine_id": "ENG-004", "chamber_pressure": 297.59481812032607, "fuel_flow": 136.94614536129825, "temperature": 4071.607556381621}
{"timestamp": "2025-07-11T16:47:35.423071", "engine_id": "ENG-003", "chamber_pressure": 287.92194781934813, "fuel_flow": 134.2646171070275, "temperature": 4038.8259165578575}
{"timestamp": "2025-07-11T16:47:38.467148", "engine_id": "ENG-005", "chamber_pressure": 282.9495710761273, "fuel_flow": 124.43713532784392}
{"timestamp": "2025-07-11T16:47:41.499899", "engine_id": "ENG-001", "chamber_pressure": 278.28188787680267, "fuel_flow": 146.18356615093268, "temperature": 4065.545075864385}
{"timestamp": "2025-07-11T16:47:44.152187", "engine_id": "ENG-004", "chamber_pressure": 277.78592376591166, "fuel_flow": 139.1945347259073, "temperature": 3975.365536737835}
{"timestamp": "2025-07-11T16:47:48.199133", "engine_id": "ENG-005", "chamber_pressure": 280.47749852275996, "fuel_flow": 136.12612363995572, "temperature": 4051.469663147925}
{"timestamp": "2025-07-11T16:47:52.193020", "engine_id": "ENG-005", "chamber_pressure": 279.87404376407534, "fuel_flow": 133.8297461298729, "temperature": 4136.108563439499}
{"timestamp": "2025-07-11T16:47:54.848186", "engine_id": "ENG-005", "chamber_pressure": 284.90979182775186, "fuel_flow": 139.58555551789775, "temperature": 4099.520519809269}
{"timestamp": "2025-07-11T16:47:56.886368", "engine_id": "ENG-002", "chamber_pressure": 268.2575613575153, "fuel_flow": 131.28071326713786, "temperature": 4117.321132843383}
{"timestamp": "2025-07-11T16:48:01.388477", "engine_id": "ENG-003", "chamber_pressure": 311.7886931953024, "fuel_flow": 153.01437255377576, "temperature": 4005.7451004705867}
{"timestamp": "2025-07-11T16:48:05.497270", "engine_id": "ENG-001", "chamber_pressure": 285.4001427256769, "fuel_flow": 152.16486070547114, "temperature": 3998.3544514203677}
{"timestamp": "2025-07-11T16:48:06.942498", "engine_id": "ENG-005", "chamber_pressure": 266.20345651695254, "fuel_flow": 116.77381126440991, "temperature": 4088.030628505895}
{"timestamp": "2025-07-11T16:48:08.518614", "engine_id": "ENG-005", "chamber_pressure": 274.99964267913055, "fuel_flow": 135.47420381677566, "temperature": 4091.6708256513384}
{"timestamp": "2025-07-11T16:48:11.020939", "engine_id": "ENG-004", "chamber_pressure": 272.2274098344988, "fuel_flow": 123.85186119996942, "temperature": 4141.212100691499}
{"timestamp": "2025-07-11T16:48:13.132504", "engine_id": "ENG-003", "chamber_pressure": 291.77674145934446, "fuel_flow": 153.01125047735982, "temperature": 4087.535276749583}
{"timestamp": "2025-07-11T16:48:17.064195", "engine_id": "ENG-001", "chamber_pressure": 286.9108780536786, "fuel_flow": 134.45881439359803, "temperature": 4125.60278631225}
{"timestamp": "2025-07-11T16:48:18.933677", "engine_id": "ENG-005", "chamber_pressure": 278.46391882031986, "fuel_flow": 143.0331895404792, "temperature": 4042.098266271017}
{"timestamp": "2025-07-11T16:48:22.280200", "engine_id": "ENG-002", "chamber_pressure": 266.76901872242536, "fuel_flow": 134.2594454419229, "temperature": 4149.119243547506}
{"timestamp": "2025-07-11T16:48:27.135298", "engine_id": "ENG-004", "chamber_pressure": 902.7476768487477, "fuel_flow": 128.7872970301199, "temperature": 4128.43605386725}
{"timestamp": "2025-07-11T16:48:28.399451", "engine_id": "ENG-005", "chamber_pressure": 280.18042861869236, "fuel_flow": 137.52642735485495, "temperature": 4132.800737770003}
{"timestamp": "2025-07-11T16:48:30.247617", "engine_id": "ENG-005", "chamber_pressure": 285.2273547244049, "fuel_flow": 147.8357630987835, "temperature": 4064.809047576739}
{"timestamp": "2025-07-11T16:48:32.443873", "engine_id": "ENG-001", "chamber_pressure": 286.79697261661306, "fuel_flow": 141.16191986502614, "temperature": 4116.676311878273}
{"timestamp": "2025-07-11T16:48:34.693861", "engine_id": "ENG-005", "chamber_pressure": 272.6399098078443, "fuel_flow": 141.77277217025278, "temperature": 4157.544504224051}
{"timestamp": "2025-07-11T16:48:39.355675", "engine_id": "ENG-003", "chamber_pressure": 283.24215970710543, "fuel_flow": 130.03401631362257, "temperature": 4035.8124573849777}
{"timestamp": "2025-07-11T16:48:42.639313", "engine_id": "ENG-001", "chamber_pressure": 283.79233332958677, "fuel_flow": 140.0269624484155, "temperature": 4016.502443382068}
{"timestamp": "2025-07-11T16:48:46.791568", "engine_id": "ENG-001", "chamber_pressure": 277.97271388412315, "fuel_flow": 142.99271307947694, "temperature": 4114.4496311870225}
{"timestamp": "2025-07-11T16:48:50.808139", "engine_id": "ENG-005", "chamber_pressure": 280.1495817732116, "fuel_flow": 143.4348759136826, "temperature": 4127.796623745335}
{"timestamp": "2025-07-11T16:48:53.051395", "engine_id": "ENG-001", "chamber_pressure": 285.0509366214979, "fuel_flow": 121.78454254954302, "temperature": 4037.823729904066}
{"timestamp": "2025-07-11T16:48:54.665508", "engine_id": "ENG-002", "chamber_pressure": 266.7388976453419, "fuel_flow": 133.17163674773187, "temperature": 4103.015353623862}
{"timestamp": "2025-07-11T16:48:56.151168", "engine_id": "ENG-005", "chamber_pressure": 275.07155506575367, "fuel_flow": 131.069150127088, "temperature": 4088.9564154023956}
{"timestamp": "2025-07-11T16:48:57.843977", "engine_id": "ENG-001", "chamber_pressure": 271.12683246416753, "fuel_flow": 144.692088181642, "temperature": 4052.7162333405345}
{"timestamp": "2025-07-11T16:49:00.178738", "engine_id": "ENG-002", "chamber_pressure": 270.19997452729376, "fuel_flow": 133.70475753107192, "temperature": 4159.802053955701}
{"timestamp": "2025-07-11T16:49:01.610253", "engine_id": "ENG-005", "chamber_pressure": 279.8344899596158, "fuel_flow": 124.63403276184115, "temperature": 4160.860127179987}
{"timestamp": "2025-07-11T16:49:03.342682", "engine_id": "ENG-003", "chamber_pressure": 295.08909390619226, "fuel_flow": 153.42763103973022, "temperature": 3997.7297382607326}
{"timestamp": "2025-07-11T16:49:04.449432", "engine_id": "ENG-001", "chamber_pressure": 261.94710954375955, "fuel_flow": 152.29909883525795, "temperature": 4112.371294414036}
{"timestamp": "2025-07-11T16:49:05.599285", "engine_id": "ENG-003", "chamber_pressure": 283.87201213788796, "fuel_flow": 141.5094669923113, "temperature": 4028.5712364956084}
{"timestamp": "2025-07-11T16:49:07.671065", "engine_id": "ENG-002", "chamber_pressure": 279.3923988260248, "fuel_flow": 121.91910412117826, "temperature": 4061.283456273159}
{"timestamp": "2025-07-11T16:49:11.217661", "engine_id": "ENG-003", "chamber_pressure": 288.9554073819691, "fuel_flow": 139.08605151689486, "temperature": 4052.2501487769973}
{"timestamp": "2025-07-11T16:49:12.488685", "engine_id": "ENG-005", "chamber_pressure": 279.45853726014207, "fuel_flow": 136.4561546021547, "temperature": 4148.851906046195}
{"timestamp": "2025-07-11T16:49:17.044356", "engine_id": "ENG-003", "chamber_pressure": 285.90970797561425, "fuel_flow": 143.03605158514952, "temperature": 4072.245834270684}
{"timestamp": "2025-07-11T16:49:21.478769", "engine_id": "ENG-005", "chamber_pressure": 259.03830071021764, "fuel_flow": 133.890735027417, "temperature": 4056.4526002556568}
{"timestamp": "2025-07-11T16:49:23.093543", "engine_id": "ENG-002", "chamber_pressure": 269.13622905707854, "fuel_flow": 127.02208966656592, "temperature": 4148.35147351836}
{"timestamp": "2025-07-11T16:49:24.114580", "engine_id": "ENG-003", "chamber_pressure": 282.8441477261176, "fuel_flow": 129.4671903570249, "temperature": 4032.340142704107}
{"timestamp": "2025-07-11T16:49:29.040944", "engine_id": "ENG-004", "chamber_pressure": 288.5158945415229, "fuel_flow": 140.3779263669724, "temperature": 4115.79683694652}
{"timestamp": "2025-07-11T16:49:33.418310", "engine_id": "ENG-004", "chamber_pressure": 257.1937038877362, "fuel_flow": 142.7708751631884, "temperature": 4143.01378231439}
{"timestamp": "2025-07-11T16:49:34.706849", "engine_id": "ENG-005", "chamber_pressure": 294.72474187753636, "fuel_flow": 122.37858349390218, "temperature": 4131.3695657432}
{"timestamp": "2025-07-11T16:49:36.096658", "engine_id": "ENG-003", "chamber_pressure": 272.0843347336159, "fuel_flow": 161.59596663611265, "temperature": 4036.28309887656}
{"timestamp": "2025-07-11T16:49:38.936589", "engine_id": "ENG-004", "chamber_pressure": 276.01734989116767, "fuel_flow": 124.13015987928276, "temperature": 4034.524120030455}
{"timestamp": "2025-07-11T16:49:42.657363", "engine_id": "ENG-002", "chamber_pressure": 289.03350736511925, "fuel_flow": 124.65533906566861, "temperature": 4182.964313524597}
{"timestamp": "2025-07-11T16:49:45.375186", "engine_id": "ENG-005", "chamber_pressure": 273.66064064257495, "fuel_flow": 137.86098632916145, "temperature": 4090.6593100602463}
{"timestamp": "2025-07-11T16:49:49.804362", "engine_id": "ENG-001", "chamber_pressure": 298.79640643546986, "fuel_flow": 126.01222070946321, "temperature": 4076.63197279601}
{"timestamp": "2025-07-11T16:49:53.508766", "engine_id": "ENG-003", "fuel_flow": 135.87662490117376}
{"timestamp": "2025-07-11T16:49:57.480612", "engine_id": "ENG-004", "chamber_pressure": 278.6142597511585, "fuel_flow": 127.55199706044365, "temperature": 4115.420256217631}
{"timestamp": "2025-07-11T16:49:58.557144", "engine_id": "ENG-005", "chamber_pressure": 264.44501255975683, "fuel_flow": 138.36920773309245, "temperature": 4035.5886180784705}
{"timestamp": "2025-07-11T16:49:59.558978", "engine_id": "ENG-003", "chamber_pressure": 295.80484253838017, "fuel_flow": 142.96384890715333, "temperature": 3996.994642683081}
{"timestamp": "2025-07-11T16:50:01.146912", "engine_id": "ENG-003", "chamber_pressure": 277.9938443122954, "fuel_flow": 152.36102751855515, "temperature": 4058.8460461203595}
{"timestamp": "2025-07-11T16:50:06.113520", "engine_id": "ENG-001", "chamber_pressure": 291.2127388304682, "fuel_flow": 123.9746094897121, "temperature": 4077.1461969386683}
{"timestamp": "2025-07-11T16:50:08.104999", "engine_id": "ENG-003", "chamber_pressure": 266.3217461046085, "fuel_flow": 134.56464066328223, "temperature": 4070.0605750474533}
{"timestamp": "2025-07-11T16:50:11.750225", "engine_id": "ENG-001", "chamber_pressure": 287.42359244828793, "fuel_flow": 144.57365059953258, "temperature": 4071.816388133158}
{"timestamp": "2025-07-11T16:50:14.614859", "engine_id": "ENG-001", "chamber_pressure": 279.6020163416831, "fuel_flow": 145.9484675778801, "temperature": 4121.247017340529}
{"timestamp": "2025-07-11T16:50:16.870530", "engine_id": "ENG-004", "chamber_pressure": 279.76999027390434, "fuel_flow": 132.17990970141594, "temperature": 4176.397798941321}
{"timestamp": "2025-07-11T16:50:18.471986", "engine_id": "ENG-002", "chamber_pressure": 256.96467234066574, "fuel_flow": 131.16012737418282, "temperature": 4117.957805729139}
{"timestamp": "2025-07-11T16:50:21.055183", "engine_id": "ENG-003", "chamber_pressure": 283.2176694192709, "fuel_flow": 118.87432680246451, "temperature": 4006.9539159209944}
{"timestamp": "2025-07-11T16:50:24.622372", "engine_id": "ENG-004", "chamber_pressure": 261.0730229715692, "fuel_flow": 131.81207354918004, "temperature": 4079.1555273183503}
{"timestamp": "2025-07-11T16:50:27.738228", "engine_id": "ENG-002", "chamber_pressure": 266.4639078188109, "fuel_flow": 139.47968324083337, "temperature": 4144.4762510020355}
{"timestamp": "2025-07-11T16:50:30.247324", "engine_id": "ENG-004", "chamber_pressure": 256.97288454894766, "fuel_flow": 133.80075349116873, "temperature": 4014.3674472423068}
{"timestamp": "2025-07-11T16:50:34.123469", "engine_id": "ENG-003", "chamber_pressure": 301.25303196312507, "fuel_flow": 129.0305100035613, "temperature": 4002.608135186138}
{"timestamp": "2025-07-11T16:50:35.273935", "engine_id": "ENG-002", "chamber_pressure": 242.01448945859366, "fuel_flow": 129.95768199619, "temperature": 4080.8688511014507}
{"timestamp": "2025-07-11T16:50:36.805071", "engine_id": "ENG-002", "chamber_pressure": 263.8909681602271, "fuel_flow": 123.21193459712798, "temperature": 4101.1631241651485}
{"timestamp": "2025-07-11T16:50:41.339507", "engine_id": "ENG-001", "chamber_pressure": 275.8912145713475, "fuel_flow": 150.9673025616776, "temperature": 4111.478341098918}
{"timestamp": "2025-07-11T16:50:42.569202", "engine_id": "ENG-005", "chamber_pressure": 281.11415582936604, "fuel_flow": 139.69188719918785, "temperature": 4135.547189575266}
{"timestamp": "2025-07-11T16:50:45.864598", "engine_id": "ENG-004", "chamber_pressure": 288.2373329442141, "fuel_flow": 132.51351058455558, "temperature": 4085.8946506912075}
{"timestamp": "2025-07-11T16:50:47.151344", "engine_id": "ENG-003", "chamber_pressure": 296.30115314575414, "fuel_flow": 141.2102540082667, "temperature": 3956.1266619386556}
{"timestamp": "2025-07-11T16:50:51.967036", "engine_id": "ENG-001", "chamber_pressure": 282.52767830607763, "fuel_flow": 133.78893123241284, "temperature": 4088.9315809849772}
{"timestamp": "2025-07-11T16:50:56.133082", "engine_id": "ENG-005", "chamber_pressure": 276.99764595214157, "fuel_flow": 134.00169615980474, "temperature": 4136.166906867444}
{"timestamp": "2025-07-11T16:51:00.428749", "engine_id": "ENG-004", "chamber_pressure": 287.9039264965638, "fuel_flow": 120.52110037745936, "temperature": 4059.4439150587}
{"timestamp": "2025-07-11T16:51:04.430589", "engine_id": "ENG-003", "chamber_pressure": 273.65090892614444, "fuel_flow": 136.446858956964, "temperature": 3980.6189195011366}
{"timestamp": "2025-07-11T16:51:07.571547", "engine_id": "ENG-002", "chamber_pressure": 255.32901449690243, "fuel_flow": 117.65297736161541, "temperature": 4139.383002602721}
{"timestamp": "2025-07-11T16:51:11.578959", "engine_id": "ENG-002", "chamber_pressure": 266.1661827907188, "fuel_flow": 128.9807360648159, "temperature": 4195.181840679398}
{"timestamp": "2025-07-11T16:51:13.684482", "engine_id": "ENG-002", "chamber_pressure": 266.1928787028168, "fuel_flow": 130.53478557277498, "temperature": 4131.938100828096}
{"timestamp": "2025-07-11T16:51:14.859441", "engine_id": "ENG-005", "chamber_pressure": 274.6610297872751, "fuel_flow": 142.20176869627787, "temperature": 4227.187307575435}
{"timestamp": "2025-07-11T16:51:18.153258", "engine_id": "ENG-004", "chamber_pressure": 259.3205346998837, "fuel_flow": 131.92750810426796, "temperature": 4085.556273119949}
{"timestamp": "2025-07-11T16:51:20.159135", "engine_id": "ENG-003", "chamber_pressure": 294.3897745301882, "fuel_flow": 139.70118468411243, "temperature": 3974.7661887914346}
{"timestamp": "2025-07-11T16:51:25.090665", "engine_id": "ENG-005", "chamber_pressure": 281.0722692566262, "fuel_flow": 135.01800371321005, "temperature": 4039.1183915873194}
{"timestamp": "2025-07-11T16:51:29.090264", "engine_id": "ENG-001", "chamber_pressure": 298.74341908230144, "fuel_flow": 150.31601400354174, "temperature": 4057.9198019413743}
{"timestamp": "2025-07-11T16:51:30.796046", "engine_id": "ENG-001", "chamber_pressure": 283.3638857018645, "fuel_flow": 132.663899545579, "temperature": 4048.455551399398}
{"timestamp": "2025-07-11T16:51:31.807695", "engine_id": "ENG-003", "chamber_pressure": 295.7503390595008, "fuel_flow": 135.6376645568609, "temperature": 4049.4045800332024}
{"timestamp": "2025-07-11T16:51:36.011036", "engine_id": "ENG-001", "fuel_flow": 135.28300867412156}
{"timestamp": "2025-07-11T16:51:37.715447", "engine_id": "ENG-004", "chamber_pressure": 261.437227796728, "fuel_flow": 126.64329414703633, "temperature": 4136.410520247397}
{"timestamp": "2025-07-11T16:51:40.024939", "engine_id": "ENG-004", "chamber_pressure": -79.31506455436181, "fuel_flow": 137.08286440041078, "temperature": 4043.780665967144}
{"timestamp": "2025-07-11T16:51:43.623140", "engine_id": "ENG-005", "chamber_pressure": 282.8025491573489, "fuel_flow": 131.096773767888, "temperature": 4114.55600092922}
{"timestamp": "2025-07-11T16:51:45.295053", "engine_id": "ENG-003", "chamber_pressure": 300.4114204891518, "fuel_flow": 153.70148784975757, "temperature": 4143.4309683010015}
{"timestamp": "2025-07-11T16:51:46.628158", "engine_id": "ENG-004", "chamber_pressure": 267.2259378656368, "fuel_flow": 117.19262355128942, "temperature": 4176.074153843494}
{"timestamp": "2025-07-11T16:51:50.109267", "engine_id": "ENG-005", "chamber_pressure": 271.0486120052479, "fuel_flow": 118.81120009210164, "temperature": 4077.2425013694506}
{"timestamp": "2025-07-11T16:51:54.969649", "engine_id": "ENG-003", "chamber_pressure": 290.9482026601974, "fuel_flow": 134.86383479726732, "temperature": 4047.573362979053}
{"timestamp": "2025-07-11T16:51:59.849554", "engine_id": "ENG-003", "chamber_pressure": 289.2585482955096, "fuel_flow": 131.53126206011785, "temperature": 4036.50838974639}
{"timestamp": "2025-07-11T16:52:04.540077", "engine_id": "ENG-005", "chamber_pressure": 261.41058132558663, "fuel_flow": 129.7928636711336, "temperature": 4065.631506332431}
{"timestamp": "2025-07-11T16:52:07.053913", "engine_id": "ENG-001", "chamber_pressure": 297.85029136247545, "fuel_flow": 135.5145625851726, "temperature": 4072.294736554764}
{"timestamp": "2025-07-11T16:52:10.258252", "engine_id": "ENG-004", "chamber_pressure": 270.51748479406797, "fuel_flow": 136.85806536098463, "temperature": 4139.6222460051795}
{"timestamp": "2025-07-11T16:52:15.024373", "engine_id": "ENG-003", "chamber_pressure": 287.02816844203164, "fuel_flow": 135.0152832787084, "temperature": 3974.8976585894193}
{"timestamp": "2025-07-11T16:52:19.331631", "engine_id": "ENG-003", "chamber_pressure": 283.75551590869384, "fuel_flow": 147.4201868611857, "temperature": 4092.34993831236}
{"timestamp": "2025-07-11T16:52:23.879516", "engine_id": "ENG-003", "fuel_flow": 139.37476260672383}
{"timestamp": "2025-07-11T16:52:28.546707", "engine_id": "ENG-005", "chamber_pressure": 291.5824385359578, "fuel_flow": 120.04889225071038, "temperature": 4040.6772392252706}
{"timestamp": "2025-07-11T16:52:31.027919", "engine_id": "ENG-003", "chamber_pressure": 294.3590523807069, "fuel_flow": 142.64430054089394, "temperature": 4036.4343240005182}
{"timestamp": "2025-07-11T16:52:34.923059", "engine_id": "ENG-003", "chamber_pressure": -68.45537440769567, "fuel_flow": 148.93685505389962, "temperature": 4040.87978211945}
{"timestamp": "2025-07-11T16:52:39.206563", "engine_id": "ENG-004", "chamber_pressure": 261.15083317213515, "fuel_flow": 134.50675234860762, "temperature": 4089.34921391326}
{"timestamp": "2025-07-11T16:52:43.701916", "engine_id": "ENG-004", "chamber_pressure": 283.1098517204456, "fuel_flow": 132.16765288525428, "temperature": 4131.95853651641}
{"timestamp": "2025-07-11T16:52:46.743242", "engine_id": "ENG-005", "chamber_pressure": 270.3553577327956, "fuel_flow": 134.93966830804416, "temperature": 4082.103131951911}
{"timestamp": "2025-07-11T16:52:48.563876", "engine_id": "ENG-002", "chamber_pressure": 260.5537921291982, "fuel_flow": 114.10797444623, "temperature": 4195.52446072309}
{"timestamp": "2025-07-11T16:52:52.559211", "engine_id": "ENG-005", "chamber_pressure": 283.6443865807216, "fuel_flow": 141.72582021299164, "temperature": 4127.451760647776}
{"timestamp": "2025-07-11T16:52:56.923684", "engine_id": "ENG-004", "chamber_pressure": 284.1198903381041, "fuel_flow": 137.8729066823529, "temperature": 4071.5499005038564}
{"timestamp": "2025-07-11T16:53:00.841325", "engine_id": "ENG-001", "chamber_pressure": 293.9517980436475, "fuel_flow": 148.03530151235475, "temperature": 4065.7063338473395}
{"timestamp": "2025-07-11T16:53:03.059903", "engine_id": "ENG-005", "chamber_pressure": 289.5306524009379, "fuel_flow": 139.59122504616565, "temperature": 4090.194170329177}
{"timestamp": "2025-07-11T16:53:07.287559", "engine_id": "ENG-001", "chamber_pressure": 294.9377510256191, "fuel_flow": 140.85927253477843, "temperature": 4102.8128749840225}
{"timestamp": "2025-07-11T16:53:11.093029", "engine_id": "ENG-001", "chamber_pressure": 275.6534041312799, "fuel_flow": 134.66923546841088, "temperature": 3999.204741967484}
{"timestamp": "2025-07-11T16:53:12.352844", "engine_id": "ENG-002", "chamber_pressure": 269.6090516626759, "fuel_flow": 128.51570096304908, "temperature": 4038.6504548623748}
{"timestamp": "2025-07-11T16:53:16.271939", "engine_id": "ENG-003", "chamber_pressure": 290.0966964702311, "fuel_flow": 141.86277192295384, "temperature": 4060.981933558123}
{"timestamp": "2025-07-11T16:53:17.521245", "engine_id": "ENG-002", "chamber_pressure": 281.79466391588556, "fuel_flow": 122.17721315402703, "temperature": 4214.7819538150925}
{"timestamp": "2025-07-11T16:53:20.248972", "engine_id": "ENG-005", "chamber_pressure": 253.18971873910075, "fuel_flow": 122.65503264067253, "temperature": 4139.6868785154165}
{"timestamp": "2025-07-11T16:53:21.486646", "engine_id": "ENG-002", "chamber_pressure": 269.97694755846817, "fuel_flow": 122.42942226096082, "temperature": 4138.1117365200125}
{"timestamp": "2025-07-11T16:53:23.264792", "engine_id": "ENG-002", "chamber_pressure": 255.67670066966338, "fuel_flow": 123.76372043865322, "temperature": 4183.460927593891}
{"timestamp": "2025-07-11T16:53:26.374570", "engine_id": "ENG-002", "chamber_pressure": 272.764881139119, "fuel_flow": 112.20669013469343, "temperature": 4174.042537973918}
{"timestamp": "2025-07-11T16:53:31.277535", "engine_id": "ENG-004", "chamber_pressure": 277.42138433589696, "fuel_flow": 146.01358321521434, "temperature": 4154.690512374364}
{"timestamp": "2025-07-11T16:53:35.810665", "engine_id": "ENG-004", "chamber_pressure": 265.19402050126814, "fuel_flow": 128.73609757270427, "temperature": 4071.5856577350346}
{"timestamp": "2025-07-11T16:53:37.747933", "engine_id": "ENG-004", "chamber_pressure": 279.07198765375716}
{"timestamp": "2025-07-11T16:53:41.981247", "engine_id": "ENG-004", "chamber_pressure": 254.8266607066016, "fuel_flow": 120.01106872892365, "temperature": 4167.098273743845}
{"timestamp": "2025-07-11T16:53:44.356369", "engine_id": "ENG-001", "chamber_pressure": 269.74081695883683, "fuel_flow": 138.10371088931967, "temperature": 4030.357539592499}
{"timestamp": "2025-07-11T16:53:48.406459", "engine_id": "ENG-005", "chamber_pressure": 287.25623061937154, "fuel_flow": 141.7482166293162, "temperature": 4099.549334098549}
{"timestamp": "2025-07-11T16:53:50.486347", "engine_id": "ENG-005", "chamber_pressure": 256.66582284922225, "fuel_flow": 138.5205933164193, "temperature": 4144.2138115243015}
{"timestamp": "2025-07-11T16:53:54.739970", "engine_id": "ENG-004", "chamber_pressure": 270.9871206071122, "fuel_flow": 138.95450075132467, "temperature": 4164.682664973953}
{"timestamp": "2025-07-11T16:53:57.158799", "engine_id": "ENG-004", "chamber_pressure": 271.6408080872553, "fuel_flow": 123.66453945245613, "temperature": 4100.16737836734}
{"timestamp": "2025-07-11T16:54:02.048152", "engine_id": "ENG-003", "chamber_pressure": 285.6594844664494, "fuel_flow": 137.84003790438283, "temperature": 3971.1082949246947}
{"timestamp": "2025-07-11T16:54:03.144846", "engine_id": "ENG-004", "chamber_pressure": 274.9889366924289, "fuel_flow": 131.21407228449274, "temperature": 4156.527636738249}
{"timestamp": "2025-07-11T16:54:06.102078", "engine_id": "ENG-003", "chamber_pressure": 294.0307908544833, "fuel_flow": 143.36357228626113, "temperature": 3955.8372563612497}
{"timestamp": "2025-07-11T16:54:10.221132", "engine_id": "ENG-001", "chamber_pressure": 284.31923217448815, "fuel_flow": 131.29656480182902, "temperature": 4167.833753541254}
{"timestamp": "2025-07-11T16:54:12.127544", "engine_id": "ENG-003", "chamber_pressure": 290.5148415339911, "fuel_flow": 156.01022705797095, "temperature": 4131.177902924397}
{"timestamp": "2025-07-11T16:54:13.640337", "engine_id": "ENG-003", "chamber_pressure": 286.8905546000675, "fuel_flow": 132.78097413299105, "temperature": 4092.844628695002}
{"timestamp": "2025-07-11T16:54:17.905487", "engine_id": "ENG-004", "chamber_pressure": 275.105246909538, "fuel_flow": 136.39782688066654, "temperature": 4146.9928217512015}
{"timestamp": "2025-07-11T16:54:22.195111", "engine_id": "ENG-004", "chamber_pressure": 272.4978678616277, "fuel_flow": 129.5812419471181, "temperature": 4103.821835009672}
{"timestamp": "2025-07-11T16:54:24.080880", "engine_id": "ENG-002", "chamber_pressure": 257.16648725593103, "fuel_flow": 131.9131782764668, "temperature": 4189.721567075138}
{"timestamp": "2025-07-11T16:54:27.205745", "engine_id": "ENG-001", "chamber_pressure": 285.688070734456, "fuel_flow": 136.54558984987213, "temperature": 3987.5454473164004}
{"timestamp": "2025-07-11T16:54:31.597556", "engine_id": "ENG-005", "chamber_pressure": 279.82503566068306, "fuel_flow": 129.92320862816035, "temperature": 4156.241666222916}
{"timestamp": "2025-07-11T16:54:34.302901", "engine_id": "ENG-003", "chamber_pressure": 293.22376847287137, "fuel_flow": 137.2756230005693, "temperature": 3931.5681500327805}
{"timestamp": "2025-07-11T16:54:36.954494", "engine_id": "ENG-004", "chamber_pressure": 270.5470605955013, "fuel_flow": 128.38153283795128, "temperature": 4108.483059943953}
{"timestamp": "2025-07-11T16:54:41.694887", "engine_id": "ENG-005", "chamber_pressure": 275.6153673818307, "fuel_flow": 140.47105039899247, "temperature": 4129.148647132823}
{"timestamp": "2025-07-11T16:54:46.245472", "engine_id": "ENG-005", "chamber_pressure": 271.8494084063926, "fuel_flow": 135.41678941965435, "temperature": 4082.0618442256373}
{"timestamp": "2025-07-11T16:54:49.959723", "engine_id": "ENG-005", "chamber_pressure": 273.08611398660645, "fuel_flow": 147.57585486755866, "temperature": 4083.346140342658}
{"timestamp": "2025-07-11T16:54:51.655269", "engine_id": "ENG-002", "chamber_pressure": 269.16931715545024, "fuel_flow": 131.06615821271592, "temperature": 4128.287872123477}
{"timestamp": "2025-07-11T16:54:55.588914", "engine_id": "ENG-003", "chamber_pressure": 303.1940626322251, "fuel_flow": 140.11571099827955, "temperature": 4026.163747430127}
{"timestamp": "2025-07-11T16:55:00.272967", "engine_id": "ENG-002", "chamber_pressure": 277.7639729702274, "fuel_flow": 126.30214574904436, "temperature": 4217.500778956027}
{"timestamp": "2025-07-11T16:55:04.946206", "engine_id": "ENG-005", "chamber_pressure": 269.5222286610496, "fuel_flow": 125.86633616917943, "temperature": 4047.9024304520394}
{"timestamp": "2025-07-11T16:55:08.781298", "engine_id": "ENG-002", "chamber_pressure": 279.90290902254685, "fuel_flow": 134.16454208227213, "temperature": 8622.846230011324}
{"timestamp": "2025-07-11T16:55:10.862995", "engine_id": "ENG-002", "chamber_pressure": 253.19161633565625, "fuel_flow": 106.4920845830618, "temperature": 4160.141478725824}
{"timestamp": "2025-07-11T16:55:13.776331", "engine_id": "ENG-002", "chamber_pressure": 270.4493972468462, "fuel_flow": 122.13623125748136, "temperature": 4152.7348868723375}
{"timestamp": "2025-07-11T16:55:16.974634", "engine_id": "ENG-003", "chamber_pressure": 288.08746463977764, "fuel_flow": 131.67391593196368, "temperature": 4011.1082502099653}
{"timestamp": "2025-07-11T16:55:19.255583", "engine_id": "ENG-005", "chamber_pressure": 290.5351833494444, "fuel_flow": 129.16462300639776, "temperature": 4160.108131865725}
{"timestamp": "2025-07-11T16:55:23.764086", "engine_id": "ENG-004", "chamber_pressure": 266.34170789619947, "fuel_flow": 146.31286524912338, "temperature": 4091.969151627154}
{"timestamp": "2025-07-11T16:55:27.565571", "engine_id": "ENG-002", "chamber_pressure": 250.63434867506587, "fuel_flow": 114.8292432730594, "temperature": 4048.2156139957206}
{"timestamp": "2025-07-11T16:55:31.876207", "engine_id": "ENG-004", "chamber_pressure": 269.458336094809, "fuel_flow": 116.93356282651429, "temperature": 4063.892680188}
{"timestamp": "2025-07-11T16:55:35.918978", "engine_id": "ENG-003", "chamber_pressure": 300.46371054857605, "fuel_flow": 154.20637851673018, "temperature": 4024.6881120892926}
{"timestamp": "2025-07-11T16:55:37.614026", "engine_id": "ENG-001", "chamber_pressure": 290.17810416390944, "fuel_flow": 134.7879404976109, "temperature": 4083.2470019570974}
{"timestamp": "2025-07-11T16:55:41.886075", "engine_id": "ENG-004", "chamber_pressure": 258.3923581892587, "fuel_flow": 138.71611608719968, "temperature": 4164.846761238527}
{"timestamp": "2025-07-11T16:55:44.515653", "engine_id": "ENG-002", "chamber_pressure": 268.3828611480897, "fuel_flow": 122.66032090569009, "temperature": 4060.810866615045}
{"timestamp": "2025-07-11T16:55:48.253946", "engine_id": "ENG-005", "chamber_pressure": 271.5352361402469, "fuel_flow": 139.3414643707538, "temperature": 4059.4051007839726}
{"timestamp": "2025-07-11T16:55:53.014715", "engine_id": "ENG-003", "chamber_pressure": 290.12534854703074, "fuel_flow": 144.2852294608963, "temperature": 4053.1105084526916}
{"timestamp": "2025-07-11T16:55:55.482051", "engine_id": "ENG-003", "chamber_pressure": 277.675276407129, "fuel_flow": 144.3994871015816, "temperature": 4080.4563597380443}
{"timestamp": "2025-07-11T16:55:59.623511", "engine_id": "ENG-002", "chamber_pressure": 264.77569555761426, "fuel_flow": 129.78241047544134, "temperature": 4146.606225096739}
{"timestamp": "2025-07-11T16:56:01.874616", "engine_id": "ENG-003", "chamber_pressure": 308.19911229864863, "fuel_flow": 133.4734157851587, "temperature": 4054.850132722457}
{"timestamp": "2025-07-11T16:56:04.409523", "engine_id": "ENG-003", "chamber_pressure": 291.38608886597683, "fuel_flow": 143.02446775145353, "temperature": 3997.4513789914818}
{"timestamp": "2025-07-11T16:56:08.983857", "engine_id": "ENG-003", "chamber_pressure": 655.629362028189, "fuel_flow": 131.0174666800177, "temperature": 4002.260727335949}
{"timestamp": "2025-07-11T16:56:13.828053", "engine_id": "ENG-001", "chamber_pressure": 279.47879834669004, "fuel_flow": 138.1340194670003, "temperature": 4027.039557067668}
{"timestamp": "2025-07-11T16:56:15.158984", "engine_id": "ENG-005", "chamber_pressure": 268.2693837113006, "fuel_flow": 133.2118506457934, "temperature": 4130.522317525867}
{"timestamp": "2025-07-11T16:56:18.621890", "engine_id": "ENG-003", "chamber_pressure": 282.3359746649545, "fuel_flow": 136.33139246737247, "temperature": 4089.332033793755}
{"timestamp": "2025-07-11T16:56:20.423751", "engine_id": "ENG-004", "chamber_pressure": 281.3871422628217, "fuel_flow": 125.46964087311889, "temperature": 4111.1382924110785}
{"timestamp": "2025-07-11T16:56:23.829262", "engine_id": "ENG-002", "chamber_pressure": 269.79294524926877, "fuel_flow": 123.89715500791884, "temperature": 4233.5911877255985}
{"timestamp": "2025-07-11T16:56:25.696098", "engine_id": "ENG-001", "chamber_pressure": 276.18215436537486, "fuel_flow": 151.15187306434035, "temperature": 4066.180842437857}
{"timestamp": "2025-07-11T16:56:27.106108", "engine_id": "ENG-002", "chamber_pressure": 253.605126613296, "fuel_flow": 131.3074298577013, "temperature": 4128.497796618257}
{"timestamp": "2025-07-11T16:56:31.829878", "engine_id": "ENG-004", "chamber_pressure": 284.8606934465432, "fuel_flow": 145.66927389457993, "temperature": 4060.8038837981935}
{"timestamp": "2025-07-11T16:56:35.248178", "engine_id": "ENG-003", "fuel_flow": 138.58967151726483}
{"timestamp": "2025-07-11T16:56:38.558727", "engine_id": "ENG-005", "chamber_pressure": 280.2858315052215, "fuel_flow": 125.3505161903993, "temperature": 4098.918786306102}
{"timestamp": "2025-07-11T16:56:40.620838", "engine_id": "ENG-003", "chamber_pressure": 295.32821607041456, "fuel_flow": 146.69188496819257, "temperature": 3994.62141878022}
{"timestamp": "2025-07-11T16:56:42.694178", "engine_id": "ENG-004", "chamber_pressure": 271.0550804791439, "fuel_flow": 123.9785038885496, "temperature": 4138.380659155127}
{"timestamp": "2025-07-11T16:56:47.300185", "engine_id": "ENG-003", "chamber_pressure": 766.3142475694642, "fuel_flow": 137.87413713375844, "temperature": 4019.494487804027}
{"timestamp": "2025-07-11T16:56:49.696400", "engine_id": "ENG-005", "chamber_pressure": 265.53513363060534, "fuel_flow": 136.1145148377559, "temperature": 3987.0780577347973}
{"timestamp": "2025-07-11T16:56:53.052437", "engine_id": "ENG-004", "chamber_pressure": 300.44767099074727, "fuel_flow": 139.98183308701627, "temperature": 4097.661761959421}
{"timestamp": "2025-07-11T16:56:57.458152", "engine_id": "ENG-005", "chamber_pressure": 262.4132154940704, "fuel_flow": 143.57659026646414, "temperature": 4107.969213404488}
{"timestamp": "2025-07-11T16:57:02.129529", "engine_id": "ENG-001", "chamber_pressure": 302.7542617952179, "fuel_flow": 138.21303648207063, "temperature": 4096.49642295112}
{"timestamp": "2025-07-11T16:57:05.629997", "engine_id": "ENG-005", "chamber_pressure": 260.9991994810514, "fuel_flow": 134.93920628486558, "temperature": 4137.754739621263}
{"timestamp": "2025-07-11T16:57:06.839183", "engine_id": "ENG-004", "chamber_pressure": 275.9759215496415, "fuel_flow": 128.41247186337475, "temperature": 4071.7317301172743}
{"timestamp": "2025-07-11T16:57:08.081983", "engine_id": "ENG-003", "chamber_pressure": 295.58862186796233, "fuel_flow": 147.88366178476778, "temperature": 4071.7621945634696}
{"timestamp": "2025-07-11T16:57:12.685301", "engine_id": "ENG-003", "chamber_pressure": 296.7981377518371, "fuel_flow": 132.85510625066465, "temperature": 3982.8816879592396}
{"timestamp": "2025-07-11T16:57:17.256450", "engine_id": "ENG-003", "chamber_pressure": 282.6721149380036}
{"timestamp": "2025-07-11T16:57:20.410146", "engine_id": "ENG-005", "chamber_pressure": 269.3870193076658, "fuel_flow": 133.20718025695456, "temperature": 4082.1430897375394}
{"timestamp": "2025-07-11T16:57:22.293672", "engine_id": "ENG-005", "chamber_pressure": 279.7228940222102, "fuel_flow": 141.7491429117494, "temperature": 4011.750674924151}
{"timestamp": "2025-07-11T16:57:26.927959", "engine_id": "ENG-003", "chamber_pressure": 288.7280067960108, "fuel_flow": 137.37877967526916, "temperature": 4025.5004467995254}
{"timestamp": "2025-07-11T16:57:31.567280", "engine_id": "ENG-005", "chamber_pressure": 284.9279236776471, "fuel_flow": 123.83177986100992, "temperature": 4098.090651968014}
{"timestamp": "2025-07-11T16:57:34.373462", "engine_id": "ENG-005", "chamber_pressure": 253.32081901279395, "fuel_flow": 125.49857066899378, "temperature": 4022.7159254767416}
{"timestamp": "2025-07-11T16:57:38.133625", "engine_id": "ENG-005", "chamber_pressure": 256.10018396814235, "fuel_flow": 131.50803979413791, "temperature": 4126.341092961839}
{"timestamp": "2025-07-11T16:57:41.656888", "engine_id": "ENG-004", "chamber_pressure": 280.00427401656736, "fuel_flow": 129.29410807565668, "temperature": 4090.9166201115922}
{"timestamp": "2025-07-11T16:57:44.318132", "engine_id": "ENG-002", "chamber_pressure": 252.87695078678456, "fuel_flow": 116.26915911960366, "temperature": 4202.498794568127}
{"timestamp": "2025-07-11T16:57:47.803286", "engine_id": "ENG-002", "chamber_pressure": 262.4451576680389, "fuel_flow": 113.38072013910119, "temperature": 4099.13377790913}
{"timestamp": "2025-07-11T16:57:51.121215", "engine_id": "ENG-004", "chamber_pressure": 279.1130273182866, "fuel_flow": 132.21196511912888, "temperature": 4161.117521783437}
{"timestamp": "2025-07-11T16:57:55.678423", "engine_id": "ENG-004", "chamber_pressure": 271.77007769718995, "fuel_flow": 119.11900751428823, "temperature": 4072.114853035992}
{"timestamp": "2025-07-11T16:57:58.942761", "engine_id": "ENG-001", "chamber_pressure": 279.98939355541376, "fuel_flow": 135.3307478075695, "temperature": 3977.798202426362}
{"timestamp": "2025-07-11T16:58:03.188021", "engine_id": "ENG-002", "chamber_pressure": 261.4124521180319, "fuel_flow": 128.86477022406575, "temperature": 4116.369103559185}
{"timestamp": "2025-07-11T16:58:04.570248", "engine_id": "ENG-002", "chamber_pressure": 254.7361881231764, "fuel_flow": 110.58634193941876, "temperature": 4117.955598495449}
{"timestamp": "2025-07-11T16:58:06.987334", "engine_id": "ENG-005", "chamber_pressure": 287.3751489768195, "fuel_flow": 145.4314439986655, "temperature": 4096.5665363989465}
{"timestamp": "2025-07-11T16:58:08.420180", "engine_id": "ENG-003", "chamber_pressure": 287.5103364399793, "fuel_flow": 147.71388663753956, "temperature": 4110.84382791725}
{"timestamp": "2025-07-11T16:58:10.060018", "engine_id": "ENG-003", "chamber_pressure": 275.10726642518006, "fuel_flow": 137.3207429188676, "temperature": 4017.728945558328}
{"timestamp": "2025-07-11T16:58:11.282473", "engine_id": "ENG-004", "chamber_pressure": 285.85858521873274, "fuel_flow": 120.86035574346064, "temperature": 4192.1836210921165}
{"timestamp": "2025-07-11T16:58:13.767366", "engine_id": "ENG-003", "chamber_pressure": 280.278556290811, "fuel_flow": 138.8400307509938, "temperature": 4089.4529418449843}
{"timestamp": "2025-07-11T16:58:15.226910", "engine_id": "ENG-004", "chamber_pressure": 274.7862861499902, "fuel_flow": 131.0111272140872, "temperature": 4094.701157887248}
{"timestamp": "2025-07-11T16:58:19.415811", "engine_id": "ENG-001", "chamber_pressure": 290.5906666877074, "fuel_flow": 142.08494531107303, "temperature": 4027.166732265994}
{"timestamp": "2025-07-11T16:58:21.387457", "engine_id": "ENG-002", "chamber_pressure": 246.09930489854364, "fuel_flow": 129.83122086292036, "temperature": 4065.6233743843695}
{"timestamp": "2025-07-11T16:58:25.305262", "engine_id": "ENG-001", "chamber_pressure": 271.6980310655852, "fuel_flow": 127.31852759645693, "temperature": 4069.690095410429}
{"timestamp": "2025-07-11T16:58:28.745212", "engine_id": "ENG-005", "chamber_pressure": 277.65496665331995, "fuel_flow": 132.0172806059134, "temperature": 4121.913671770887}
{"timestamp": "2025-07-11T16:58:30.621669", "engine_id": "ENG-005", "chamber_pressure": 294.8777979273077, "fuel_flow": 124.84182681450866, "temperature": 4103.954207866154}
{"timestamp": "2025-07-11T16:58:35.314231", "engine_id": "ENG-005", "chamber_pressure": 270.28899973303515, "fuel_flow": 135.9331455298383, "temperature": 4116.639409373335}
{"timestamp": "2025-07-11T16:58:37.109032", "engine_id": "ENG-004", "chamber_pressure": 270.2215409972151, "fuel_flow": 138.25300379717825, "temperature": 4142.078682409501}
{"timestamp": "2025-07-11T16:58:40.917663", "engine_id": "ENG-002", "chamber_pressure": 265.2294919290835, "fuel_flow": 128.76889206216455, "temperature": 4162.473398472096}
{"timestamp": "2025-07-11T16:58:45.391107", "engine_id": "ENG-002", "chamber_pressure": 254.15236906203668, "fuel_flow": 122.81312893669161, "temperature": 4189.475663050244}
{"timestamp": "2025-07-11T16:58:48.124191", "engine_id": "ENG-004", "chamber_pressure": 267.1459283677197, "fuel_flow": 132.72453845432645, "temperature": 4087.5181474122833}
{"timestamp": "2025-07-11T16:58:49.575019", "engine_id": "ENG-002", "chamber_pressure": 260.2270777490581, "fuel_flow": 123.52135504205992, "temperature": 4202.28507390616}
{"timestamp": "2025-07-11T16:58:53.725679", "engine_id": "ENG-002", "chamber_pressure": 266.04162230080163, "fuel_flow": 125.67579271405684, "temperature": 4129.816243604894}
{"timestamp": "2025-07-11T16:58:57.703571", "engine_id": "ENG-003", "chamber_pressure": 289.129240537571, "fuel_flow": 0, "temperature": 3984.0814529940885}
{"timestamp": "2025-07-11T16:59:01.717941", "engine_id": "ENG-001", "chamber_pressure": 284.9510635138543, "temperature": 4027.052931171125}
{"timestamp": "2025-07-11T16:59:04.697447", "engine_id": "ENG-002", "chamber_pressure": 257.43732784784896, "fuel_flow": 129.83886181657329, "temperature": 4190.964601283433}
{"timestamp": "2025-07-11T16:59:07.465340", "engine_id": "ENG-004", "chamber_pressure": 261.2448855473289, "fuel_flow": 140.23636220693265, "temperature": 4015.08763406857}
{"timestamp": "2025-07-11T16:59:11.331193", "engine_id": "ENG-005", "chamber_pressure": 283.5048520192395, "fuel_flow": 142.49623676380492, "temperature": 4073.3386970301003}
{"timestamp": "2025-07-11T16:59:13.329321", "engine_id": "ENG-005", "chamber_pressure": 283.7466742310693, "fuel_flow": 148.03291464428804, "temperature": 4081.2647845051306}
{"timestamp": "2025-07-11T16:59:16.780268", "engine_id": "ENG-001", "chamber_pressure": 295.0561945968572, "fuel_flow": 139.5629779154731, "temperature": 4040.7210439302835}
{"timestamp": "2025-07-11T16:59:19.520523", "engine_id": "ENG-004", "chamber_pressure": 264.1809809787967, "fuel_flow": 133.73287994188945, "temperature": 4105.51882092518}
{"timestamp": "2025-07-11T16:59:23.830978", "engine_id": "ENG-002", "chamber_pressure": 265.61180127960216, "fuel_flow": 133.34224400492437, "temperature": 4014.8468800575597}
{"timestamp": "2025-07-11T16:59:27.864854", "engine_id": "ENG-003", "chamber_pressure": 300.3932883292085, "fuel_flow": 140.2026680460432, "temperature": 4070.8050246270122}
{"timestamp": "2025-07-11T16:59:29.311889", "engine_id": "ENG-002", "chamber_pressure": 279.15041822325145, "fuel_flow": 119.38978132494502, "temperature": 4194.384997964416}
{"timestamp": "2025-07-11T16:59:32.595529", "engine_id": "ENG-004", "chamber_pressure": 275.043776195451, "fuel_flow": 140.16393768335354, "temperature": 4147.19077091833}
{"timestamp": "2025-07-11T16:59:36.547984", "engine_id": "ENG-001", "fuel_flow": 127.6505995714517, "temperature": 4034.0598035189037}
{"timestamp": "2025-07-11T16:59:40.876683", "engine_id": "ENG-002", "chamber_pressure": 271.413890129158, "fuel_flow": 138.85865461076352, "temperature": 4138.039692308574}
{"timestamp": "2025-07-11T16:59:45.309364", "engine_id": "ENG-002", "chamber_pressure": 275.52371153957074, "fuel_flow": 127.45245907038263, "temperature": 4214.173010183878}
{"timestamp": "2025-07-11T16:59:48.862989", "engine_id": "ENG-004", "chamber_pressure": 278.7509695956287, "fuel_flow": 124.5697785462222, "temperature": 4102.631589969566}
{"timestamp": "2025-07-11T16:59:51.488444", "engine_id": "ENG-004", "chamber_pressure": 265.06518849573996, "fuel_flow": 139.61923910580038, "temperature": 4079.659113915114}
{"timestamp": "2025-07-11T16:59:54.025528", "engine_id": "ENG-002", "chamber_pressure": 276.90507489225155, "fuel_flow": 128.06332087193516, "temperature": 4177.963588460274}
{"timestamp": "2025-07-11T16:59:57.687471", "engine_id": "ENG-005", "chamber_pressure": 276.35374372409234, "fuel_flow": 148.1771095881831, "temperature": 4120.439476516765}
{"timestamp": "2025-07-11T17:00:01.200609", "engine_id": "ENG-003", "chamber_pressure": 306.8721006465481, "fuel_flow": 146.5957956882326, "temperature": 4046.550335441274}
{"timestamp": "2025-07-11T17:00:05.758454", "engine_id": "ENG-003", "chamber_pressure": 280.13747790028964, "fuel_flow": 136.85775061848636, "temperature": 4125.238998923027}
{"timestamp": "2025-07-11T17:00:08.314245", "engine_id": "ENG-003", "chamber_pressure": 290.58526572843454, "fuel_flow": 133.16320480778097, "temperature": 4140.632210279703}
{"timestamp": "2025-07-11T17:00:12.216062", "engine_id": "ENG-003", "chamber_pressure": 295.21085266143643, "fuel_flow": 118.79812767601027, "temperature": 4097.603671502923}
{"timestamp": "2025-07-11T17:00:14.991321", "engine_id": "ENG-004", "chamber_pressure": 280.0149632214357, "fuel_flow": 129.0880004920262, "temperature": 4051.53489603501}
{"timestamp": "2025-07-11T17:00:19.560374", "engine_id": "ENG-004", "chamber_pressure": 269.9982116116852, "fuel_flow": 137.9009353489985, "temperature": 4036.549155720837}
{"timestamp": "2025-07-11T17:00:24.474634", "engine_id": "ENG-004", "chamber_pressure": 281.0669616911472, "fuel_flow": 118.79411536301998, "temperature": 4167.898573059198}
{"timestamp": "2025-07-11T17:00:28.381741", "engine_id": "ENG-005", "chamber_pressure": 272.0541963893615, "fuel_flow": 133.12683092457647, "temperature": 4169.457543144937}
{"timestamp": "2025-07-11T17:00:31.632561", "engine_id": "ENG-004", "chamber_pressure": 262.5342783421627, "fuel_flow": 129.79724368780842, "temperature": 4098.475226991713}
{"timestamp": "2025-07-11T17:00:36.575883", "engine_id": "ENG-001", "chamber_pressure": 281.49246915217634, "fuel_flow": 126.58239411964375, "temperature": 4096.9684986111215}
{"timestamp": "2025-07-11T17:00:38.196047", "engine_id": "ENG-005", "chamber_pressure": 278.209983243777, "fuel_flow": 138.84369036209245, "temperature": 4113.900531812513}
{"timestamp": "2025-07-11T17:00:40.292343", "engine_id": "ENG-005", "chamber_pressure": 281.12087854055216, "fuel_flow": 124.39316393058259, "temperature": 4002.0362907335716}
{"timestamp": "2025-07-11T17:00:43.331600", "engine_id": "ENG-001", "chamber_pressure": 283.68741287809473, "fuel_flow": 454.4841609067155, "temperature": 4094.4883021803475}
{"timestamp": "2025-07-11T17:00:44.820932", "engine_id": "ENG-005", "chamber_pressure": 278.80581553858036, "fuel_flow": 137.14673788034253, "temperature": 4119.57243902745}
{"timestamp": "2025-07-11T17:00:46.074826", "engine_id": "ENG-005", "temperature": 3981.4930414925802}
{"timestamp": "2025-07-11T17:00:49.573650", "engine_id": "ENG-002", "chamber_pressure": 279.7325073695189, "fuel_flow": 143.57051425214917, "temperature": 4179.367591478196}
{"timestamp": "2025-07-11T17:00:54.526730", "engine_id": "ENG-004", "chamber_pressure": 283.82960222542914, "fuel_flow": 136.41783401044196, "temperature": 4038.221568953178}
{"timestamp": "2025-07-11T17:00:56.582555", "engine_id": "ENG-005", "chamber_pressure": 280.49888872158493, "fuel_flow": 144.2780881981123, "temperature": 4143.204786285549}
{"timestamp": "2025-07-11T17:00:57.827732", "engine_id": "ENG-005", "chamber_pressure": 275.0443976666455, "fuel_flow": 148.29625481297478, "temperature": 4058.9459478500785}
{"timestamp": "2025-07-11T17:01:00.264319", "engine_id": "ENG-005", "chamber_pressure": 288.70022844798547, "fuel_flow": 130.640920235205, "temperature": 4171.987235908166}
{"timestamp": "2025-07-11T17:01:05.036863", "engine_id": "ENG-004", "chamber_pressure": 279.08976760246924, "fuel_flow": 123.42873143878008, "temperature": 4064.7055183887182}
{"timestamp": "2025-07-11T17:01:09.600542", "engine_id": "ENG-003", "chamber_pressure": 287.0017202267507, "fuel_flow": 132.04603964075918, "temperature": 3981.524722526391}
{"timestamp": "2025-07-11T17:01:11.764651", "engine_id": "ENG-004", "chamber_pressure": 270.9977710839774, "fuel_flow": 136.7595375489466, "temperature": 4152.30795186395}
{"timestamp": "2025-07-11T17:01:15.088790", "engine_id": "ENG-005", "chamber_pressure": 263.60890770777286, "fuel_flow": 122.10006087981174, "temperature": 4091.5805816644033}
{"timestamp": "2025-07-11T17:01:17.936369", "engine_id": "ENG-003", "chamber_pressure": 286.9827414547343, "fuel_flow": 140.9364383976755, "temperature": 3932.8158512267514}
{"timestamp": "2025-07-11T17:01:22.853699", "engine_id": "ENG-002", "chamber_pressure": 256.1781944314308, "fuel_flow": 129.97431445842946, "temperature": 4125.283133364126}
{"timestamp": "2025-07-11T17:01:27.108923", "engine_id": "ENG-003", "chamber_pressure": 301.8280618922066, "fuel_flow": 157.26099284432374, "temperature": 4075.6253620563643}
{"timestamp": "2025-07-11T17:01:29.843558", "engine_id": "ENG-002", "chamber_pressure": 253.24827950697247, "fuel_flow": 128.6128090289612, "temperature": 4218.946762366721}
{"timestamp": "2025-07-11T17:01:31.010655", "engine_id": "ENG-003", "chamber_pressure": 289.04811910798577, "fuel_flow": 148.9259833820877, "temperature": 4072.979725753749}
{"timestamp": "2025-07-11T17:01:33.025901", "engine_id": "ENG-001", "chamber_pressure": 281.60847934456046, "fuel_flow": 131.3212129775525, "temperature": 4038.331865739441}
{"timestamp": "2025-07-11T17:01:35.709551", "engine_id": "ENG-002", "chamber_pressure": 266.3662383181811, "fuel_flow": 134.78989415570217, "temperature": 4169.737305165503}
{"timestamp": "2025-07-11T17:01:37.244177", "engine_id": "ENG-001", "chamber_pressure": 278.0850125224267, "fuel_flow": 148.77892923942116, "temperature": 4165.2899924079}
{"timestamp": "2025-07-11T17:01:41.213932", "engine_id": "ENG-005", "chamber_pressure": 293.6629208645544, "fuel_flow": 123.04564283893454, "temperature": 4112.631340655706}
{"timestamp": "2025-07-11T17:01:45.607161", "engine_id": "ENG-001", "chamber_pressure": 261.79752304496265, "fuel_flow": 125.68048114750339, "temperature": 4117.796161934517}
{"timestamp": "2025-07-11T17:01:50.093770", "engine_id": "ENG-001", "chamber_pressure": 275.3296520658136, "fuel_flow": 138.55870172453157, "temperature": 4020.296908327843}
{"timestamp": "2025-07-11T17:01:51.096006", "engine_id": "ENG-002", "chamber_pressure": 266.87588931340093, "fuel_flow": 138.98634493409753}
{"timestamp": "2025-07-11T17:01:52.866036", "engine_id": "ENG-001", "chamber_pressure": 299.43202169582645, "fuel_flow": 140.86964823320437, "temperature": 4097.136927305269}
{"timestamp": "2025-07-11T17:01:55.514560", "engine_id": "ENG-002", "chamber_pressure": 285.23348173046196, "fuel_flow": 134.57846690203894, "temperature": 4146.509731692219}
{"timestamp": "2025-07-11T17:01:56.683408", "engine_id": "ENG-004", "chamber_pressure": 272.7076532226131, "fuel_flow": 121.3208090560258, "temperature": 4093.1662258747424}
{"timestamp": "2025-07-11T17:01:59.210846", "engine_id": "ENG-002", "chamber_pressure": 263.35738022373016, "fuel_flow": 124.2020775021813, "temperature": 4103.917889178202}
{"timestamp": "2025-07-11T17:02:03.332456", "engine_id": "ENG-005", "chamber_pressure": 263.0124008790239, "fuel_flow": 140.8215225121898, "temperature": 4085.894136292669}
{"timestamp": "2025-07-11T17:02:07.223002", "engine_id": "ENG-004", "chamber_pressure": 261.2189006947878, "fuel_flow": 131.72605718842897, "temperature": 4107.754519490796}
{"timestamp": "2025-07-11T17:02:09.378516", "engine_id": "ENG-005", "chamber_pressure": 263.42784282602344, "fuel_flow": 129.0163609058287, "temperature": 4146.6377146186815}
{"timestamp": "2025-07-11T17:02:12.061616", "engine_id": "ENG-001", "chamber_pressure": 287.017341525606, "fuel_flow": 135.8280833986284, "temperature": 4164.425728078516}
{"timestamp": "2025-07-11T17:02:15.182899", "engine_id": "ENG-003", "chamber_pressure": 264.7646660834316, "fuel_flow": 137.60860493946225, "temperature": 4031.658500038044}
{"timestamp": "2025-07-11T17:02:16.297725", "engine_id": "ENG-003", "chamber_pressure": 275.1727552640509, "fuel_flow": 139.2339125929687, "temperature": 4027.260072750393}
{"timestamp": "2025-07-11T17:02:19.668820", "engine_id": "ENG-001", "chamber_pressure": 267.7190914754009, "fuel_flow": 145.779484798892, "temperature": 4080.815184909531}
{"timestamp": "2025-07-11T17:02:21.304428", "engine_id": "ENG-001", "chamber_pressure": 278.9810321252946, "fuel_flow": 128.17969647386855, "temperature": 4125.906831326478}
{"timestamp": "2025-07-11T17:02:26.112416", "engine_id": "ENG-004", "chamber_pressure": 270.5504620778057, "fuel_flow": 127.5065663942196, "temperature": 4097.580964047953}
{"timestamp": "2025-07-11T17:02:27.614171", "engine_id": "ENG-004", "chamber_pressure": 280.9476032730695, "fuel_flow": 144.45725873185373, "temperature": 4100.224059522217}
{"timestamp": "2025-07-11T17:02:30.319778", "engine_id": "ENG-004", "chamber_pressure": 262.6774229218098, "fuel_flow": 140.76584477422142, "temperature": 4135.288799882965}
{"timestamp": "2025-07-11T17:02:31.932337", "engine_id": "ENG-005", "chamber_pressure": 284.50906922511496, "fuel_flow": 135.55949830636914, "temperature": 4090.283901122721}
{"timestamp": "2025-07-11T17:02:36.813047", "engine_id": "ENG-005", "chamber_pressure": 282.43720926649684, "fuel_flow": 126.68380394658641, "temperature": 4096.934103277171}
{"timestamp": "2025-07-11T17:02:38.115945", "engine_id": "ENG-004", "chamber_pressure": 875.4834944719728, "fuel_flow": 118.3283515822041, "temperature": 4105.158246515584}
{"timestamp": "2025-07-11T17:02:42.342939", "engine_id": "ENG-005", "chamber_pressure": 289.03338597243334, "fuel_flow": 137.83973997999001, "temperature": 4041.191804664674}
{"timestamp": "2025-07-11T17:02:43.611250", "engine_id": "ENG-005", "chamber_pressure": 287.37031809703143, "fuel_flow": 131.30264370624877, "temperature": 4017.217757226378}
{"timestamp": "2025-07-11T17:02:47.558294", "engine_id": "ENG-003", "chamber_pressure": 294.9833351511637, "fuel_flow": 153.5277764934687, "temperature": 4084.054086303979}
{"timestamp": "2025-07-11T17:02:50.709620", "engine_id": "ENG-005", "chamber_pressure": 277.9545846810403, "fuel_flow": 131.44494247691847, "temperature": 4105.378227967273}
{"timestamp": "2025-07-11T17:02:53.166324", "engine_id": "ENG-001", "chamber_pressure": 268.78291976501043, "fuel_flow": 147.04805450263592, "temperature": 4019.3628979024957}
{"timestamp": "2025-07-11T17:02:55.813825", "engine_id": "ENG-001", "chamber_pressure": 266.2576265386179, "fuel_flow": 133.83442556232927, "temperature": 4096.292355252724}
{"timestamp": "2025-07-11T17:02:57.353590", "engine_id": "ENG-004", "chamber_pressure": 273.37523624098793, "fuel_flow": 137.68863301842686, "temperature": 3984.7337825728605}
{"timestamp": "2025-07-11T17:02:59.337922", "engine_id": "ENG-003", "chamber_pressure": 288.3458662691986, "fuel_flow": 140.75767870102618, "temperature": 4051.1727953903146}
{"timestamp": "2025-07-11T17:03:00.707607", "engine_id": "ENG-004", "chamber_pressure": 298.30106580061994, "fuel_flow": 125.52617307072599, "temperature": 4150.6358151943505}
{"timestamp": "2025-07-11T17:03:05.420535", "engine_id": "ENG-002", "chamber_pressure": 260.7375939858411, "fuel_flow": 126.57028099676124, "temperature": 4062.0263875057826}
{"timestamp": "2025-07-11T17:03:09.933037", "engine_id": "ENG-005", "chamber_pressure": 282.6771250108609, "fuel_flow": 131.71215051574, "temperature": 4113.936739540505}
{"timestamp": "2025-07-11T17:03:12.409392", "engine_id": "ENG-001", "chamber_pressure": 265.26768019318797, "fuel_flow": 143.5896194542256, "temperature": 4035.275169311523}
{"timestamp": "2025-07-11T17:03:13.640568", "engine_id": "ENG-002", "chamber_pressure": 276.14970694324825, "fuel_flow": 135.41116141903166, "temperature": 4057.840553294826}
{"timestamp": "2025-07-11T17:03:18.397137", "engine_id": "ENG-002", "chamber_pressure": 269.0785967744989, "fuel_flow": 465.09266314843944, "temperature": 4178.657500290546}
{"timestamp": "2025-07-11T17:03:20.076995", "engine_id": "ENG-005", "chamber_pressure": 270.6406000751543, "fuel_flow": 131.450478346362, "temperature": 4088.8982371718057}
{"timestamp": "2025-07-11T17:03:23.958969", "engine_id": "ENG-001", "chamber_pressure": 283.50766248090866, "fuel_flow": 134.8834362691599, "temperature": 4150.151821169655}
{"timestamp": "2025-07-11T17:03:28.940282", "engine_id": "ENG-003", "chamber_pressure": 275.6543254406786, "fuel_flow": 138.17245252303786, "temperature": 4159.93146246973}
{"timestamp": "2025-07-11T17:03:32.503359", "engine_id": "ENG-001", "chamber_pressure": 287.52013847662806, "fuel_flow": 150.14927879088748, "temperature": 4083.197125247067}
{"timestamp": "2025-07-11T17:03:36.242473", "engine_id": "ENG-002", "chamber_pressure": -22.759710450350553, "fuel_flow": 123.28715899396703, "temperature": 4175.762330798359}
{"timestamp": "2025-07-11T17:03:37.261584", "engine_id": "ENG-005", "chamber_pressure": 283.9824373551086, "fuel_flow": 126.85940821417205, "temperature": 4016.968947077715}
{"timestamp": "2025-07-11T17:03:38.713530", "engine_id": "ENG-001", "chamber_pressure": 287.3979519857825, "fuel_flow": 154.75891041717392, "temperature": 4034.2758004813895}
{"timestamp": "2025-07-11T17:03:41.189272", "engine_id": "ENG-005", "chamber_pressure": 268.9147677294283, "fuel_flow": 145.12345801491196}
{"timestamp": "2025-07-11T17:03:43.952792", "engine_id": "ENG-002", "chamber_pressure": 270.42156864179935, "fuel_flow": 130.50295464892795, "temperature": 4155.402018709845}
{"timestamp": "2025-07-11T17:03:48.210110", "engine_id": "ENG-005", "chamber_pressure": 280.65727714601286, "fuel_flow": 132.94608457024472, "temperature": 4159.673222217195}
{"timestamp": "2025-07-11T17:03:49.570726", "engine_id": "ENG-005", "chamber_pressure": 271.932802624078, "fuel_flow": 120.04599148829038, "temperature": -240.1899426035113}
{"timestamp": "2025-07-11T17:03:51.901189", "engine_id": "ENG-001", "chamber_pressure": 284.0893073546423, "fuel_flow": 134.2657806750546, "temperature": 4003.022730607134}
{"timestamp": "2025-07-11T17:03:55.623993", "engine_id": "ENG-001", "chamber_pressure": 271.88004249172184, "fuel_flow": 142.75638167038386, "temperature": 4087.806848418139}
{"timestamp": "2025-07-11T17:03:58.049117", "engine_id": "ENG-003", "chamber_pressure": 281.9783918849215, "fuel_flow": 136.0479673429283, "temperature": 4046.1490870899256}
{"timestamp": "2025-07-11T17:04:01.133253", "engine_id": "ENG-001", "chamber_pressure": 284.19569078385643, "fuel_flow": 144.86371644705133, "temperature": 4114.9897965600985}
{"timestamp": "2025-07-11T17:04:02.831746", "engine_id": "ENG-005", "chamber_pressure": 265.5738809465275, "fuel_flow": 130.68515087081343, "temperature": 4108.418346380097}
{"timestamp": "2025-07-11T17:04:06.205040", "engine_id": "ENG-001", "chamber_pressure": 282.3710385340983, "fuel_flow": 137.26802154436763, "temperature": 4069.225173845844}
{"timestamp": "2025-07-11T17:04:09.017465", "engine_id": "ENG-001", "chamber_pressure": 297.5766006509016, "fuel_flow": 138.98750418698566, "temperature": 4056.0979049242997}
{"timestamp": "2025-07-11T17:04:10.323432", "engine_id": "ENG-003", "chamber_pressure": 305.4157180529873, "fuel_flow": 143.5653523925374, "temperature": 4096.513286222227}
{"timestamp": "2025-07-11T17:04:14.377772", "engine_id": "ENG-003", "chamber_pressure": 277.33020253530026, "fuel_flow": 142.62309329068876, "temperature": -294.7798282491909}
{"timestamp": "2025-07-11T17:04:16.709577", "engine_id": "ENG-001", "chamber_pressure": 267.94232780458424, "fuel_flow": 134.87877164928207, "temperature": 4060.44295803047}
{"timestamp": "2025-07-11T17:04:20.303014", "engine_id": "ENG-004", "chamber_pressure": 260.1032346873279, "fuel_flow": 125.28631956025153, "temperature": 4050.8843268238156}
{"timestamp": "2025-07-11T17:04:21.677624", "engine_id": "ENG-005", "chamber_pressure": 285.51632287210316, "fuel_flow": 137.06672719020753, "temperature": 4145.44032176501}
{"timestamp": "2025-07-11T17:04:24.817028", "engine_id": "ENG-002", "chamber_pressure": 270.99318794662463, "fuel_flow": 116.22339377655096, "temperature": 4138.507173168887}
{"timestamp": "2025-07-11T17:04:27.284475", "engine_id": "ENG-002", "chamber_pressure": 257.86993156839037, "fuel_flow": 147.71739041556845, "temperature": 4183.996799567641}
{"timestamp": "2025-07-11T17:04:30.433484", "engine_id": "ENG-003", "chamber_pressure": 291.73563891421963, "fuel_flow": 146.1904005922537, "temperature": 4004.858034008375}
{"timestamp": "2025-07-11T17:04:32.954022", "engine_id": "ENG-004", "chamber_pressure": 289.5504468003728, "fuel_flow": 129.26651098361782, "temperature": 4122.409076573202}
{"timestamp": "2025-07-11T17:04:35.958581", "engine_id": "ENG-003", "chamber_pressure": 263.9448648142597, "fuel_flow": 137.9184604249622, "temperature": 3974.1465074956805}
{"timestamp": "2025-07-11T17:04:37.170613", "engine_id": "ENG-004", "chamber_pressure": 268.3146764668758, "fuel_flow": 127.26551148040409, "temperature": 4124.52229831046}
{"timestamp": "2025-07-11T17:04:41.036307", "engine_id": "ENG-004", "chamber_pressure": 271.954899735185, "fuel_flow": 126.42219819646513, "temperature": 4099.4174610904465}
{"timestamp": "2025-07-11T17:04:44.891503", "engine_id": "ENG-001", "chamber_pressure": 265.21955481484906, "fuel_flow": 154.61975574828563, "temperature": 4053.6800323620487}
{"timestamp": "2025-07-11T17:04:47.567268", "engine_id": "ENG-004", "chamber_pressure": 266.9684249505514, "fuel_flow": 132.02553314028214, "temperature": 4113.543595937755}
{"timestamp": "2025-07-11T17:04:49.510089", "engine_id": "ENG-001", "chamber_pressure": 276.6407641235838, "fuel_flow": 130.5533490797955, "temperature": 4033.241685027133}
{"timestamp": "2025-07-11T17:04:52.837135", "engine_id": "ENG-002", "chamber_pressure": 252.24022169931155, "fuel_flow": 121.11980344340351, "temperature": 4067.4304797401196}
{"timestamp": "2025-07-11T17:04:57.639527", "engine_id": "ENG-004", "chamber_pressure": 278.4112661835685, "fuel_flow": 127.21499855773527, "temperature": 4092.9274874530975}
{"timestamp": "2025-07-11T17:05:01.241144", "engine_id": "ENG-005", "chamber_pressure": 263.66924475264517, "fuel_flow": 133.91389701451493, "temperature": 4067.9542311017462}
{"timestamp": "2025-07-11T17:05:04.388886", "engine_id": "ENG-001", "chamber_pressure": 284.8973379667595, "fuel_flow": 138.86076927394384, "temperature": 3993.140222619764}
{"timestamp": "2025-07-11T17:05:09.321979", "engine_id": "ENG-002", "chamber_pressure": 271.5081361393954, "fuel_flow": 124.57993186340711, "temperature": 4134.539452726453}
{"timestamp": "2025-07-11T17:05:11.284722", "engine_id": "ENG-004", "chamber_pressure": 264.63277007873637, "fuel_flow": 140.81058611239175, "temperature": 4110.735323810703}
{"timestamp": "2025-07-11T17:05:15.495888", "engine_id": "ENG-002", "chamber_pressure": 262.06062470347325, "fuel_flow": 118.0022286556551, "temperature": 4065.3403783009207}
{"timestamp": "2025-07-11T17:05:16.796050", "engine_id": "ENG-004", "chamber_pressure": 275.2193472857984, "fuel_flow": 132.04895802695924, "temperature": 4129.436649265977}
{"timestamp": "2025-07-11T17:05:18.226372", "engine_id": "ENG-002", "chamber_pressure": 273.41015305653997, "fuel_flow": 117.86190042012768, "temperature": 4055.8044073747274}
{"timestamp": "2025-07-11T17:05:21.812171", "engine_id": "ENG-004", "chamber_pressure": 282.6591073227776, "fuel_flow": 136.2052698915522, "temperature": 4036.7686569802213}
{"timestamp": "2025-07-11T17:05:23.494558", "engine_id": "ENG-004", "chamber_pressure": 279.53501403216336, "fuel_flow": 127.84213096192414, "temperature": 4112.464300543868}
{"timestamp": "2025-07-11T17:05:26.387882", "engine_id": "ENG-004", "chamber_pressure": 268.5597166885155, "fuel_flow": 123.8136808981768, "temperature": 4109.51222648309}
{"timestamp": "2025-07-11T17:05:28.055812", "engine_id": "ENG-002", "chamber_pressure": 263.9453632109697, "fuel_flow": 138.98103040358941, "temperature": 4197.2638394382875}
{"timestamp": "2025-07-11T17:05:32.310235", "engine_id": "ENG-002", "chamber_pressure": 271.0278426256954, "fuel_flow": 125.45030281993199, "temperature": 4132.918667917957}
{"timestamp": "2025-07-11T17:05:36.471630", "engine_id": "ENG-003", "chamber_pressure": 289.5623786432523, "fuel_flow": 145.90516355643203, "temperature": 3942.8567620135273}
{"timestamp": "2025-07-11T17:05:38.525160", "engine_id": "ENG-002", "chamber_pressure": 260.2873471004762, "fuel_flow": 114.18915658584433, "temperature": 4193.857670195486}
{"timestamp": "2025-07-11T17:05:40.567591", "engine_id": "ENG-005", "chamber_pressure": 291.64371243027097, "fuel_flow": 132.7639862730939, "temperature": 4074.0837500634248}
{"timestamp": "2025-07-11T17:05:41.716427", "engine_id": "ENG-003", "chamber_pressure": 291.9002314984035, "fuel_flow": 154.30468112845, "temperature": 3982.9689084809197}
{"timestamp": "2025-07-11T17:05:43.924960", "engine_id": "ENG-003", "chamber_pressure": 278.0051943257848, "fuel_flow": 147.55323187435044, "temperature": 4064.427319554375}
{"timestamp": "2025-07-11T17:05:46.890719", "engine_id": "ENG-002", "chamber_pressure": 264.4129169549408, "fuel_flow": 139.32326652459378, "temperature": 4208.502245612768}
{"timestamp": "2025-07-11T17:05:48.137813", "engine_id": "ENG-004", "chamber_pressure": 277.5002146595834, "fuel_flow": 133.7553083949494, "temperature": 4037.754477695065}
{"timestamp": "2025-07-11T17:05:49.260301", "engine_id": "ENG-001", "chamber_pressure": 280.23299985466167, "fuel_flow": 141.53778902701828, "temperature": 4025.9578856467992}
{"timestamp": "2025-07-11T17:05:53.891023", "engine_id": "ENG-002", "chamber_pressure": 275.262508250796}
{"timestamp": "2025-07-11T17:05:58.423897", "engine_id": "ENG-004", "chamber_pressure": 255.59665146682516, "fuel_flow": 121.54967176926206, "temperature": 4199.414156585886}
{"timestamp": "2025-07-11T17:06:01.808473", "engine_id": "ENG-005", "chamber_pressure": 284.21070664647266, "fuel_flow": 132.5741558406804, "temperature": 4014.9452895454033}
{"timestamp": "2025-07-11T17:06:06.589498", "engine_id": "ENG-004", "chamber_pressure": 270.602935216137, "fuel_flow": 116.79494889312339, "temperature": 4132.524971905219}
{"timestamp": "2025-07-11T17:06:08.123222", "engine_id": "ENG-003", "chamber_pressure": 286.41512511817393, "fuel_flow": 135.25988782389427, "temperature": 4045.031464504573}
{"timestamp": "2025-07-11T17:06:12.694563", "engine_id": "ENG-004", "chamber_pressure": 274.82827606925076, "fuel_flow": 137.9649614666571, "temperature": 4077.2741989610954}
{"timestamp": "2025-07-11T17:06:17.627717", "engine_id": "ENG-005", "chamber_pressure": 281.7858982101156, "fuel_flow": 489.16988699693184, "temperature": 4154.795302968509}
{"timestamp": "2025-07-11T17:06:21.929566", "engine_id": "ENG-004", "chamber_pressure": 272.5817587398027, "fuel_flow": 131.44060456894104, "temperature": 4128.4303920823195}
{"timestamp": "2025-07-11T17:06:24.628077", "engine_id": "ENG-001", "chamber_pressure": 300.8021904052767, "fuel_flow": 136.54039350032835, "temperature": 4122.741004359304}
{"timestamp": "2025-07-11T17:06:29.221278", "engine_id": "ENG-003", "chamber_pressure": 292.7260826530844, "fuel_flow": 155.39191942413325, "temperature": 4046.366418107575}
{"timestamp": "2025-07-11T17:06:33.543582", "engine_id": "ENG-003", "chamber_pressure": 284.9763869543702, "fuel_flow": 142.21029853405827, "temperature": 4080.4993840823067}
{"timestamp": "2025-07-11T17:06:37.764584", "engine_id": "ENG-003", "chamber_pressure": 275.2809517281072, "fuel_flow": 148.13902355285924, "temperature": 4022.121317758751}
{"timestamp": "2025-07-11T17:06:41.161572", "engine_id": "ENG-004", "chamber_pressure": 275.2274586400794, "fuel_flow": 124.73603220683677, "temperature": 4106.518403237905}
{"timestamp": "2025-07-11T17:06:44.723454", "engine_id": "ENG-004", "chamber_pressure": 270.1485028101713, "fuel_flow": 124.27648163862698, "temperature": 4066.5242270764916}
{"timestamp": "2025-07-11T17:06:48.112133", "engine_id": "ENG-005", "chamber_pressure": 276.0432800878104, "fuel_flow": 140.58778127802051, "temperature": 4095.0655196154107}
{"timestamp": "2025-07-11T17:06:50.204411", "engine_id": "ENG-002", "chamber_pressure": 264.3908650747468, "fuel_flow": 129.54532828874525, "temperature": 4184.968514363232}
{"timestamp": "2025-07-11T17:06:54.239694", "engine_id": "ENG-005", "chamber_pressure": 283.3448471873662, "fuel_flow": 142.32148895663275, "temperature": 4069.850541813055}
{"timestamp": "2025-07-11T17:06:58.801338", "engine_id": "ENG-004", "chamber_pressure": 290.1392326905924, "fuel_flow": 120.22034912780103, "temperature": 4142.430647389252}
{"timestamp": "2025-07-11T17:07:03.281244", "engine_id": "ENG-001", "chamber_pressure": 263.95398742988135, "fuel_flow": 160.61144716070808, "temperature": 4122.505702670507}
{"timestamp": "2025-07-11T17:07:06.600484", "engine_id": "ENG-001", "chamber_pressure": 285.60393038631344, "fuel_flow": 144.4602329424376, "temperature": 4149.6563471007385}
{"timestamp": "2025-07-11T17:07:08.886773", "engine_id": "ENG-002", "chamber_pressure": 277.30878685978905, "fuel_flow": 118.93130374048523, "temperature": 4135.409197315804}
{"timestamp": "2025-07-11T17:07:13.465027", "engine_id": "ENG-002", "chamber_pressure": 265.6985145463152, "fuel_flow": 121.00889965409557, "temperature": 4158.450319196607}
{"timestamp": "2025-07-11T17:07:15.473810", "engine_id": "ENG-001", "chamber_pressure": 274.33480965814664, "fuel_flow": 133.17639309930402, "temperature": 4015.227750596907}
{"timestamp": "2025-07-11T17:07:18.453209", "engine_id": "ENG-003", "chamber_pressure": 296.1660036826281, "fuel_flow": 140.6589312459134, "temperature": 4032.1170420778885}
{"timestamp": "2025-07-11T17:07:20.226094", "engine_id": "ENG-004", "chamber_pressure": 278.04221696546836, "fuel_flow": 115.405003889489, "temperature": 4128.705393941358}
{"timestamp": "2025-07-11T17:07:23.373102", "engine_id": "ENG-002", "chamber_pressure": 241.94029080800757, "fuel_flow": 129.37910792752976, "temperature": 4099.757156870541}
{"timestamp": "2025-07-11T17:07:25.298425", "engine_id": "ENG-005", "chamber_pressure": 263.1111429637329, "fuel_flow": 144.56539927709366, "temperature": 4121.194971579935}
{"timestamp": "2025-07-11T17:07:26.867278", "engine_id": "ENG-005", "chamber_pressure": 261.7445015312996, "fuel_flow": 137.27143142303643, "temperature": 4053.001017778659}
{"timestamp": "2025-07-11T17:07:30.151368", "engine_id": "ENG-005", "chamber_pressure": 261.23477180856156, "fuel_flow": 125.59162629912841, "temperature": 4137.975046849401}
{"timestamp": "2025-07-11T17:07:32.043275", "engine_id": "ENG-005", "chamber_pressure": 272.16242147818446, "fuel_flow": 148.08226019861186, "temperature": 4089.0294401046763}
{"timestamp": "2025-07-11T17:07:36.057245", "engine_id": "ENG-004", "chamber_pressure": 254.11576855225402, "fuel_flow": 140.12549299847984, "temperature": 4080.0749977978385}
{"timestamp": "2025-07-11T17:07:38.149559", "engine_id": "ENG-005", "chamber_pressure": 270.3615999687962, "fuel_flow": 128.45602944278372, "temperature": 4075.2275070281703}
{"timestamp": "2025-07-11T17:07:39.592077", "engine_id": "ENG-001", "chamber_pressure": 282.1731370908179, "fuel_flow": 145.50546339762218, "temperature": 4066.217030707864}
{"timestamp": "2025-07-11T17:07:41.554364", "engine_id": "ENG-002", "chamber_pressure": 248.9766233497053, "fuel_flow": 105.60788549667535, "temperature": 4180.6335887143305}
{"timestamp": "2025-07-11T17:07:46.185918", "engine_id": "ENG-001", "chamber_pressure": 275.51734515582564, "fuel_flow": 138.44920897513188, "temperature": 3979.0466667411592}
{"timestamp": "2025-07-11T17:07:48.693884", "engine_id": "ENG-003", "chamber_pressure": 294.77409001228057, "fuel_flow": 147.27952550620267, "temperature": 4126.045097242069}
{"timestamp": "2025-07-11T17:07:51.474764", "engine_id": "ENG-003", "chamber_pressure": 277.8084772005146, "fuel_flow": 162.538874725273, "temperature": 4003.875122990821}
{"timestamp": "2025-07-11T17:07:55.573558", "engine_id": "ENG-004", "chamber_pressure": 255.8997054221591, "fuel_flow": 131.46971321649121, "temperature": 4108.888624147507}
{"timestamp": "2025-07-11T17:07:58.620613", "engine_id": "ENG-005", "chamber_pressure": 262.4124571706414, "fuel_flow": 138.4800439364281, "temperature": 4156.712405253817}
{"timestamp": "2025-07-11T17:08:01.515078", "engine_id": "ENG-002", "chamber_pressure": 253.07465764585342, "fuel_flow": 127.36413136903123, "temperature": 4128.795866389171}
{"timestamp": "2025-07-11T17:08:06.297207", "engine_id": "ENG-001", "chamber_pressure": 281.3245658951639, "fuel_flow": 138.06657614946582, "temperature": 4040.52781688}
{"timestamp": "2025-07-11T17:08:11.117205", "engine_id": "ENG-003", "chamber_pressure": 282.7512506945241, "fuel_flow": 139.18013405523334, "temperature": 4136.489178225291}
{"timestamp": "2025-07-11T17:08:13.324820", "engine_id": "ENG-005", "chamber_pressure": 265.7561692928797, "fuel_flow": 135.66933324611898, "temperature": 4114.441146982971}
{"timestamp": "2025-07-11T17:08:16.408127", "engine_id": "ENG-004", "chamber_pressure": 248.35720869044718, "fuel_flow": 129.89288224837503, "temperature": 4034.5311624396704}
{"timestamp": "2025-07-11T17:08:20.086929", "engine_id": "ENG-002", "chamber_pressure": 260.4033540734678, "fuel_flow": 136.50667801507217, "temperature": 4253.398634788232}
{"timestamp": "2025-07-11T17:08:24.234422", "engine_id": "ENG-003", "chamber_pressure": 284.3937181739175, "fuel_flow": 138.5145382336932, "temperature": 4097.3527610981}
{"timestamp": "2025-07-11T17:08:28.603169", "engine_id": "ENG-004", "chamber_pressure": 276.35345100562137, "fuel_flow": 135.44184406377883, "temperature": 4076.913128160654}
{"timestamp": "2025-07-11T17:08:32.007777", "engine_id": "ENG-002", "chamber_pressure": 263.48837566792554, "fuel_flow": 119.47037373205781, "temperature": 4134.3730003676665}
{"timestamp": "2025-07-11T17:08:34.386830", "engine_id": "ENG-002", "chamber_pressure": 255.70528850524101, "fuel_flow": 132.07752163759955, "temperature": 9622.96299624674}
{"timestamp": "2025-07-11T17:08:37.962619", "engine_id": "ENG-002", "chamber_pressure": 260.31899388413365, "fuel_flow": 132.19327513603136, "temperature": 4069.2071254630214}
{"timestamp": "2025-07-11T17:08:39.202846", "engine_id": "ENG-001", "chamber_pressure": 279.77226712696176, "fuel_flow": 133.12292635833998, "temperature": 4015.5243092486153}
{"timestamp": "2025-07-11T17:08:41.811324", "engine_id": "ENG-003", "chamber_pressure": 278.4008416881621, "fuel_flow": 132.82735364465913, "temperature": 4051.8008608543278}
{"timestamp": "2025-07-11T17:08:43.756210", "engine_id": "ENG-003", "chamber_pressure": 272.2191231501847, "fuel_flow": 143.09879248041625, "temperature": 4001.2172621312016}
{"timestamp": "2025-07-11T17:08:47.388469", "engine_id": "ENG-003", "chamber_pressure": 267.51866103448504, "fuel_flow": 133.12373848545622, "temperature": 4033.4542538031915}
{"timestamp": "2025-07-11T17:08:51.979854", "engine_id": "ENG-002", "chamber_pressure": 266.5568159955635, "fuel_flow": 123.97466554913396, "temperature": 4194.687022434291}
{"timestamp": "2025-07-11T17:08:54.846816", "engine_id": "ENG-003", "chamber_pressure": 287.44278794706173, "fuel_flow": 130.69411416453863, "temperature": 4134.236029310668}
{"timestamp": "2025-07-11T17:08:57.793499", "engine_id": "ENG-002", "chamber_pressure": 252.0542868889571, "fuel_flow": 113.0120100243431, "temperature": 4141.015484113769}
{"timestamp": "2025-07-11T17:08:59.928962", "engine_id": "ENG-005", "chamber_pressure": 282.81743359635794, "fuel_flow": 124.68977677639849, "temperature": 4000.7333706751597}
{"timestamp": "2025-07-11T17:09:00.963735", "engine_id": "ENG-001", "chamber_pressure": 275.3166638293842, "fuel_flow": 136.1547630535478, "temperature": 4043.5381241824825}
{"timestamp": "2025-07-11T17:09:03.720043", "engine_id": "ENG-002", "chamber_pressure": 258.2900681786683, "fuel_flow": 119.53822459084101, "temperature": 4137.966374884568}
{"timestamp": "2025-07-11T17:09:05.678051", "engine_id": "ENG-001", "chamber_pressure": 283.15285317939816, "fuel_flow": 137.29586168290382, "temperature": 4056.526772234984}
{"timestamp": "2025-07-11T17:09:08.390966", "engine_id": "ENG-002", "chamber_pressure": 266.46131997654004, "fuel_flow": 0, "temperature": 4193.138121130508}
{"timestamp": "2025-07-11T17:09:10.485034", "engine_id": "ENG-005", "chamber_pressure": 289.6778934695972, "fuel_flow": 151.32307075664585, "temperature": 3990.178292667672}
{"timestamp": "2025-07-11T17:09:13.687025", "engine_id": "ENG-001", "chamber_pressure": 290.2696041381928, "fuel_flow": 131.55896848403773, "temperature": 4090.8498241408947}
{"timestamp": "2025-07-11T17:09:16.230069", "engine_id": "ENG-001", "chamber_pressure": 288.4208385040036, "fuel_flow": 146.7128434877423, "temperature": 4026.619699554793}
{"timestamp": "2025-07-11T17:09:20.908641", "engine_id": "ENG-001", "chamber_pressure": 274.3348418195713, "fuel_flow": 136.2510537861682, "temperature": 4017.6099351071884}
{"timestamp": "2025-07-11T17:09:22.987947", "engine_id": "ENG-002", "chamber_pressure": 269.4666540690603, "fuel_flow": 135.00213547025837, "temperature": 4211.783793712289}
{"timestamp": "2025-07-11T17:09:25.549170", "engine_id": "ENG-005", "chamber_pressure": 297.1569615398869, "fuel_flow": 161.39792481686163, "temperature": 4158.832450889795}
{"timestamp": "2025-07-11T17:09:29.021535", "engine_id": "ENG-002", "chamber_pressure": 252.86684843813086, "fuel_flow": 133.79703091092563, "temperature": 4164.914213457129}
{"timestamp": "2025-07-11T17:09:31.642293", "engine_id": "ENG-003", "chamber_pressure": 294.0435286630421, "fuel_flow": 156.89511134505048, "temperature": 4139.713733151343}
{"timestamp": "2025-07-11T17:09:35.715895", "engine_id": "ENG-005", "chamber_pressure": 280.01437469589615, "fuel_flow": 140.94824960213586, "temperature": 4110.711321405994}
{"timestamp": "2025-07-11T17:09:39.305407", "engine_id": "ENG-002", "chamber_pressure": 243.7578698551844, "fuel_flow": 120.04242175848663, "temperature": 4147.740489705904}
{"timestamp": "2025-07-11T17:09:41.052605", "engine_id": "ENG-004", "chamber_pressure": 272.9848636256656, "fuel_flow": 137.14335534906638, "temperature": 4064.740985670311}
{"timestamp": "2025-07-11T17:09:42.983448", "engine_id": "ENG-001", "chamber_pressure": 286.3201336156916, "fuel_flow": 134.83348558029164, "temperature": 4061.983825918573}
{"timestamp": "2025-07-11T17:09:46.346040", "engine_id": "ENG-002", "chamber_pressure": 264.33410731941655, "fuel_flow": 131.0262362159752, "temperature": 4198.543605911175}
{"timestamp": "2025-07-11T17:09:48.280027", "engine_id": "ENG-005", "chamber_pressure": 271.5736469249295, "fuel_flow": 138.23883174238296, "temperature": 4058.3276306940847}
{"timestamp": "2025-07-11T17:09:53.132240", "engine_id": "ENG-002", "chamber_pressure": 245.98123013067624, "fuel_flow": 124.00767435370868, "temperature": 4205.657383679108}
{"timestamp": "2025-07-11T17:09:55.284268", "engine_id": "ENG-002", "chamber_pressure": 256.97261006385355, "fuel_flow": 125.53486650956108, "temperature": 4199.134790526398}
{"timestamp": "2025-07-11T17:09:59.536147", "engine_id": "ENG-002", "chamber_pressure": 250.67880320455197, "fuel_flow": 119.20310816881806, "temperature": 4194.972635965368}
{"timestamp": "2025-07-11T17:10:02.850695", "engine_id": "ENG-001", "chamber_pressure": 274.45630761411087, "fuel_flow": 134.5751923933784, "temperature": 3974.4177183403103}
{"timestamp": "2025-07-11T17:10:04.280766", "engine_id": "ENG-005", "chamber_pressure": 282.15031980078913, "fuel_flow": 134.04248252659434, "temperature": 4033.8071882840063}
{"timestamp": "2025-07-11T17:10:05.430328", "engine_id": "ENG-004", "chamber_pressure": 273.4602271639409, "fuel_flow": 141.28384783315278, "temperature": 10238.571891078987}
{"timestamp": "2025-07-11T17:10:07.131500", "engine_id": "ENG-004", "chamber_pressure": 258.05056778059884, "fuel_flow": 137.33540838479908, "temperature": 4149.073423185876}
{"timestamp": "2025-07-11T17:10:10.254830", "engine_id": "ENG-003", "chamber_pressure": 303.2821896000472, "fuel_flow": 137.05727780350654, "temperature": 3994.611100516162}
{"timestamp": "2025-07-11T17:10:13.240613", "engine_id": "ENG-002", "chamber_pressure": 260.94377952967466, "fuel_flow": 120.79896048361817, "temperature": 4175.097544910964}
{"timestamp": "2025-07-11T17:10:17.614836", "engine_id": "ENG-003", "chamber_pressure": 279.0994000393601, "fuel_flow": 130.96999458488494, "temperature": 4059.322235396063}
{"timestamp": "2025-07-11T17:10:19.193924", "engine_id": "ENG-004", "chamber_pressure": 261.8006596367906, "fuel_flow": 135.01472055459578, "temperature": 4085.239746876784}
{"timestamp": "2025-07-11T17:10:21.136932", "engine_id": "ENG-003", "chamber_pressure": 280.9520493491822, "fuel_flow": 135.40659587547867, "temperature": 4068.841985702555}
{"timestamp": "2025-07-11T17:10:22.446909", "engine_id": "ENG-003", "chamber_pressure": 295.04141878394773, "fuel_flow": 152.8383089861593, "temperature": 4107.009479388559}
{"timestamp": "2025-07-11T17:10:26.990938", "engine_id": "ENG-002", "chamber_pressure": 247.6503915995064, "fuel_flow": 114.28865139980468, "temperature": 4193.147077350061}
{"timestamp": "2025-07-11T17:10:30.143765", "engine_id": "ENG-001", "chamber_pressure": 282.8597883042606, "fuel_flow": 139.38339327938655, "temperature": 4062.119027986542}
{"timestamp": "2025-07-11T17:10:32.361644", "engine_id": "ENG-002", "chamber_pressure": 259.96304129877086, "fuel_flow": 117.38586665704217, "temperature": 4173.62204406981}
{"timestamp": "2025-07-11T17:10:36.416566", "engine_id": "ENG-004", "chamber_pressure": 274.8176903117125, "fuel_flow": 126.15981980500727, "temperature": 4112.3695107511585}
{"timestamp": "2025-07-11T17:10:40.345948", "engine_id": "ENG-001", "chamber_pressure": 285.90955761514243, "fuel_flow": 130.24381179260763, "temperature": 4079.3673364355814}
{"timestamp": "2025-07-11T17:10:44.049460", "engine_id": "ENG-001", "chamber_pressure": 286.9324652142749, "fuel_flow": 133.23486934113865, "temperature": 4034.932248046883}
{"timestamp": "2025-07-11T17:10:47.387687", "engine_id": "ENG-002", "chamber_pressure": 253.14826886872962, "fuel_flow": 0, "temperature": 4106.626225161641}
{"timestamp": "2025-07-11T17:10:51.662242", "engine_id": "ENG-002", "chamber_pressure": 261.99509437459227, "fuel_flow": 117.30268740734822, "temperature": 4259.191696342921}
{"timestamp": "2025-07-11T17:10:55.874045", "engine_id": "ENG-005", "chamber_pressure": 283.5468275765303, "fuel_flow": 128.4564244524048, "temperature": 4092.2825477671463}
{"timestamp": "2025-07-11T17:11:00.384627", "engine_id": "ENG-003", "chamber_pressure": 289.17027262413063, "fuel_flow": 147.84002093511515, "temperature": 3995.9938234663177}
{"timestamp": "2025-07-11T17:11:03.946199", "engine_id": "ENG-001", "chamber_pressure": 279.73900770797445, "fuel_flow": 124.74346603412701, "temperature": 4138.378001170144}
{"timestamp": "2025-07-11T17:11:04.984565", "engine_id": "ENG-003", "chamber_pressure": 287.09769607548964, "fuel_flow": 133.9675774474829, "temperature": 4088.7150557455025}
{"timestamp": "2025-07-11T17:11:06.293112", "engine_id": "ENG-003", "chamber_pressure": 280.90286954102277, "fuel_flow": 137.60323664223392, "temperature": 4163.774845559159}
{"timestamp": "2025-07-11T17:11:07.569780", "engine_id": "ENG-005", "chamber_pressure": 284.93904459258846, "fuel_flow": 472.31011870467046, "temperature": 4138.431472498872}
{"timestamp": "2025-07-11T17:11:11.779384", "engine_id": "ENG-003", "chamber_pressure": 283.3606418916606, "fuel_flow": 146.4714776062196, "temperature": 4026.9859665942904}
{"timestamp": "2025-07-11T17:11:13.676321", "engine_id": "ENG-005", "chamber_pressure": 290.87720168806464, "fuel_flow": 133.32970355667888, "temperature": 4111.005299048556}
{"timestamp": "2025-07-11T17:11:17.125466", "engine_id": "ENG-005", "chamber_pressure": 282.99340614153544, "fuel_flow": 134.61019414089932, "temperature": 4070.5961277973784}
{"timestamp": "2025-07-11T17:11:19.439830", "engine_id": "ENG-002", "chamber_pressure": 257.77579590983504, "fuel_flow": 130.63298106044135, "temperature": 4072.110940136194}
{"timestamp": "2025-07-11T17:11:20.923413", "engine_id": "ENG-004", "chamber_pressure": 280.48240454280216, "fuel_flow": 133.16289214974438, "temperature": 4137.135638988376}
{"timestamp": "2025-07-11T17:11:24.289433", "engine_id": "ENG-002", "chamber_pressure": 262.5296154918667, "fuel_flow": 123.23027272282735, "temperature": 4168.716943845745}
{"timestamp": "2025-07-11T17:11:27.331350", "engine_id": "ENG-004", "chamber_pressure": 272.24200850566757, "fuel_flow": 132.01219260969503, "temperature": 4071.4167367241644}
{"timestamp": "2025-07-11T17:11:32.188849", "engine_id": "ENG-001", "chamber_pressure": 281.2914518577675, "fuel_flow": 140.65282994767784, "temperature": 3900.9022865222346}
{"timestamp": "2025-07-11T17:11:36.106856", "engine_id": "ENG-003", "chamber_pressure": 295.3316871949849, "fuel_flow": 143.31136709689994, "temperature": 4040.29110028446}
{"timestamp": "2025-07-11T17:11:37.296708", "engine_id": "ENG-004", "fuel_flow": 130.7812985604405, "temperature": 4102.362099907216}
{"timestamp": "2025-07-11T17:11:42.225931", "engine_id": "ENG-005", "chamber_pressure": 293.1246758000364, "fuel_flow": 143.58502603061964, "temperature": 4080.638608298635}
{"timestamp": "2025-07-11T17:11:46.188708", "engine_id": "ENG-001", "chamber_pressure": 280.8626722622375, "fuel_flow": 130.8772327729471, "temperature": 4034.5064113713206}
{"timestamp": "2025-07-11T17:11:48.735782", "engine_id": "ENG-004", "chamber_pressure": 270.457903250498, "fuel_flow": 131.85902289932102, "temperature": 4105.075437125977}
{"timestamp": "2025-07-11T17:11:52.522709", "engine_id": "ENG-001", "chamber_pressure": 291.8790073894258, "fuel_flow": 138.50742715127578, "temperature": 4026.3226211609685}
{"timestamp": "2025-07-11T17:11:57.303058", "engine_id": "ENG-002", "chamber_pressure": 258.7728313069131, "fuel_flow": 128.3483122570606, "temperature": 4191.418419594353}
{"timestamp": "2025-07-11T17:12:00.085801", "engine_id": "ENG-005", "chamber_pressure": 278.38994074158956, "fuel_flow": 138.35422365794182, "temperature": 4052.1572271240607}
{"timestamp": "2025-07-11T17:12:04.121252", "engine_id": "ENG-003", "chamber_pressure": 294.03960534837023, "fuel_flow": 140.8263433072328, "temperature": 3993.382793925806}
{"timestamp": "2025-07-11T17:12:06.024998", "engine_id": "ENG-003", "chamber_pressure": 294.7298804765681, "fuel_flow": 141.39987005655664, "temperature": 3959.2788994865305}
{"timestamp": "2025-07-11T17:12:09.479020", "engine_id": "ENG-002", "chamber_pressure": 259.67086273635726, "fuel_flow": 132.2771783226585, "temperature": 4248.452650501219}
{"timestamp": "2025-07-11T17:12:10.881021", "engine_id": "ENG-001", "chamber_pressure": 269.7805549079653, "fuel_flow": 148.98269280091102, "temperature": 4134.719986408848}
{"timestamp": "2025-07-11T17:12:13.226520", "engine_id": "ENG-005", "chamber_pressure": 270.77532774765115, "fuel_flow": 139.2076127226664, "temperature": 4029.1775452441952}
{"timestamp": "2025-07-11T17:12:18.086815", "engine_id": "ENG-002", "chamber_pressure": 273.635921153218, "fuel_flow": 135.8085852422301, "temperature": 4149.961355997612}
{"timestamp": "2025-07-11T17:12:19.868495", "engine_id": "ENG-002", "chamber_pressure": 265.3004399634251, "fuel_flow": 115.40968367092755, "temperature": 4169.237403374043}
{"timestamp": "2025-07-11T17:12:23.865131", "engine_id": "ENG-005", "chamber_pressure": 295.4146895688764, "fuel_flow": 118.44844403405378, "temperature": 4047.7373151249585}
{"timestamp": "2025-07-11T17:12:25.174683", "engine_id": "ENG-003", "chamber_pressure": 287.2314717999037, "fuel_flow": 112.32557201607678}
{"timestamp": "2025-07-11T17:12:27.972124", "engine_id": "ENG-003", "chamber_pressure": 285.9691072657613, "fuel_flow": 136.99828888761212, "temperature": 3990.8283722394854}
{"timestamp": "2025-07-11T17:12:29.856691", "engine_id": "ENG-002", "chamber_pressure": 260.115509667872, "fuel_flow": 114.54171755162736, "temperature": 4277.8006008213315}
{"timestamp": "2025-07-11T17:12:30.987763", "engine_id": "ENG-003", "chamber_pressure": 292.2743322118367, "fuel_flow": 149.74085352504596, "temperature": 4085.924395849706}
{"timestamp": "2025-07-11T17:12:34.654812", "engine_id": "ENG-002", "chamber_pressure": 274.06495962396843, "fuel_flow": 127.18750053542556, "temperature": 4100.823945201984}
{"timestamp": "2025-07-11T17:12:39.507814", "engine_id": "ENG-001", "chamber_pressure": 274.6761956993844, "fuel_flow": 120.58539544676927, "temperature": 4105.647174200177}
{"timestamp": "2025-07-11T17:12:43.431605", "engine_id": "ENG-002", "chamber_pressure": 248.97393909160456, "fuel_flow": 131.0235867092594, "temperature": 4191.0820634596075}
{"timestamp": "2025-07-11T17:12:45.740774", "engine_id": "ENG-003", "chamber_pressure": 287.7258447025132, "fuel_flow": 146.4313560323498, "temperature": 3990.3890507266483}
{"timestamp": "2025-07-11T17:12:50.009116", "engine_id": "ENG-004", "chamber_pressure": 283.6401567659815, "fuel_flow": 131.20850849933063, "temperature": 4090.9663920640924}
{"timestamp": "2025-07-11T17:12:51.640034", "engine_id": "ENG-002", "chamber_pressure": 974.8440026257133, "fuel_flow": 122.99960989934105, "temperature": 4132.657064111165}
{"timestamp": "2025-07-11T17:12:56.292680", "engine_id": "ENG-005", "chamber_pressure": 290.7129277807904, "fuel_flow": 132.60870952038326, "temperature": 4162.848692454813}
{"timestamp": "2025-07-11T17:12:59.922162", "engine_id": "ENG-002", "chamber_pressure": 266.27056656374987, "fuel_flow": 140.86472958080637, "temperature": 4124.838172954601}
{"timestamp": "2025-07-11T17:13:02.091395", "engine_id": "ENG-004", "chamber_pressure": 279.354225703918, "fuel_flow": 134.54068552107876, "temperature": 4065.4161503094774}
{"timestamp": "2025-07-11T17:13:05.592068", "engine_id": "ENG-005", "chamber_pressure": 269.82137831624357, "fuel_flow": 129.45323534861348, "temperature": 4031.5376975380063}
{"timestamp": "2025-07-11T17:13:09.887191", "engine_id": "ENG-003", "chamber_pressure": 291.83037457438036, "fuel_flow": 142.77228025439285, "temperature": 4077.9924201900703}
{"timestamp": "2025-07-11T17:13:12.676087", "engine_id": "ENG-001", "chamber_pressure": 294.92747550350913, "fuel_flow": 120.13661478667296, "temperature": 4057.3036035177856}
{"timestamp": "2025-07-11T17:13:16.829243", "engine_id": "ENG-002", "chamber_pressure": 267.79635629657554, "fuel_flow": 127.56631161613755, "temperature": 4191.845304351937}
{"timestamp": "2025-07-11T17:13:19.256210", "engine_id": "ENG-001", "chamber_pressure": 291.9977235883929}
{"timestamp": "2025-07-11T17:13:21.176364", "engine_id": "ENG-003", "chamber_pressure": 290.3786532687792, "fuel_flow": 147.22055894234447, "temperature": 4070.0042070357595}
{"timestamp": "2025-07-11T17:13:23.441503", "engine_id": "ENG-002", "chamber_pressure": 256.0948669291537, "fuel_flow": 116.43298566970525, "temperature": 4186.663863117408}
{"timestamp": "2025-07-11T17:13:28.050020", "engine_id": "ENG-001", "chamber_pressure": 277.0622650123247, "fuel_flow": 144.16484512077264, "temperature": 4139.043161386404}
{"timestamp": "2025-07-11T17:13:31.373907", "engine_id": "ENG-001", "chamber_pressure": 280.11368645897784, "fuel_flow": 134.28948054189217, "temperature": 4028.3817601765345}
{"timestamp": "2025-07-11T17:13:35.533299", "engine_id": "ENG-001", "chamber_pressure": 284.78341057184986, "fuel_flow": 142.44320457587278, "temperature": 4046.321982480178}
{"timestamp": "2025-07-11T17:13:37.776797", "engine_id": "ENG-005", "fuel_flow": 146.19976260689748, "temperature": 4113.800536635548}
{"timestamp": "2025-07-11T17:13:41.626808", "engine_id": "ENG-002", "chamber_pressure": 279.89382212135024, "fuel_flow": 127.38357155324897, "temperature": 4215.852388170362}
{"timestamp": "2025-07-11T17:13:42.837357", "engine_id": "ENG-005", "chamber_pressure": 282.7846847277249, "fuel_flow": 137.8426195572463, "temperature": 4081.5499956527838}
{"timestamp": "2025-07-11T17:13:46.563733", "engine_id": "ENG-004", "chamber_pressure": 283.8391882023077, "fuel_flow": 126.92898848033563, "temperature": 4029.7851407461158}
{"timestamp": "2025-07-11T17:13:50.666817", "engine_id": "ENG-002", "chamber_pressure": 268.1909331386195, "fuel_flow": 133.3243487154982, "temperature": 4130.849103064629}
{"timestamp": "2025-07-11T17:13:54.417168", "engine_id": "ENG-005", "chamber_pressure": 280.7371633493989, "fuel_flow": 116.3255185422617, "temperature": 4155.30823083515}
{"timestamp": "2025-07-11T17:13:56.169850", "engine_id": "ENG-002", "chamber_pressure": 261.6923932808301, "fuel_flow": 121.25818110497306, "temperature": 4165.0352752400395}
{"timestamp": "2025-07-11T17:14:00.231829", "engine_id": "ENG-003", "chamber_pressure": 295.2601449987986, "fuel_flow": 141.46406981128672, "temperature": 4057.625333565848}
{"timestamp": "2025-07-11T17:14:01.263901", "engine_id": "ENG-002", "fuel_flow": 133.54475174906165, "temperature": 4124.5749277178}
{"timestamp": "2025-07-11T17:14:02.402154", "engine_id": "ENG-004", "chamber_pressure": 283.23444390682613, "fuel_flow": 133.2607593158714, "temperature": 4024.4821902854533}
{"timestamp": "2025-07-11T17:14:07.008001", "engine_id": "ENG-005", "chamber_pressure": 280.61660466669747, "fuel_flow": 142.22761879511228, "temperature": 4069.860109922645}
{"timestamp": "2025-07-11T17:14:11.739329", "engine_id": "ENG-004", "chamber_pressure": 278.06389327110304, "fuel_flow": 130.7857909371684, "temperature": 4067.2845648677303}
{"timestamp": "2025-07-11T17:14:16.000629", "engine_id": "ENG-004", "chamber_pressure": 257.42359223937126, "fuel_flow": 135.28170089998736, "temperature": 4136.407208668446}
{"timestamp": "2025-07-11T17:14:19.137182", "engine_id": "ENG-003", "chamber_pressure": 279.8707683307117, "fuel_flow": 142.1853039319743, "temperature": 3989.4970114912962}
{"timestamp": "2025-07-11T17:14:22.319393", "engine_id": "ENG-004", "chamber_pressure": 265.68795983114705, "fuel_flow": 130.90067146760933, "temperature": 4084.6944156926265}
{"timestamp": "2025-07-11T17:14:26.124510", "engine_id": "ENG-002", "chamber_pressure": 273.87884226325605, "fuel_flow": 113.17055877527334, "temperature": 4163.5516777119765}
{"timestamp": "2025-07-11T17:14:27.360354", "engine_id": "ENG-001", "chamber_pressure": 280.7735080349546, "fuel_flow": 137.2877028692654, "temperature": 4125.3534422602115}
{"timestamp": "2025-07-11T17:14:29.582805", "engine_id": "ENG-004", "chamber_pressure": 271.8112945798495, "fuel_flow": 131.11604784432927, "temperature": 4081.3071228988906}
{"timestamp": "2025-07-11T17:14:31.970354", "engine_id": "ENG-001", "chamber_pressure": 256.9710225680242, "fuel_flow": 125.46409382278965, "temperature": 4057.6538998493547}
{"timestamp": "2025-07-11T17:14:33.806934", "engine_id": "ENG-004", "chamber_pressure": 271.81948088845485, "fuel_flow": 145.58037167354018, "temperature": 3960.6988202481516}
{"timestamp": "2025-07-11T17:14:35.657607", "engine_id": "ENG-004", "chamber_pressure": 285.26837572674754, "fuel_flow": 136.7233035724567, "temperature": 4152.038813767818}
{"timestamp": "2025-07-11T17:14:37.482198", "engine_id": "ENG-003", "chamber_pressure": 277.0194767833055, "fuel_flow": 141.6796199407514, "temperature": 4035.8789150858606}
{"timestamp": "2025-07-11T17:14:42.284193", "engine_id": "ENG-002", "chamber_pressure": 236.88965918065944, "fuel_flow": 119.13633723986906, "temperature": 4135.057661511348}
{"timestamp": "2025-07-11T17:14:43.462349", "engine_id": "ENG-005", "chamber_pressure": 276.64684024073455, "fuel_flow": 131.0228395889631, "temperature": 4076.020553062305}
{"timestamp": "2025-07-11T17:14:46.795273", "engine_id": "ENG-002", "chamber_pressure": -29.465406188647023, "fuel_flow": 121.06419622750475, "temperature": 4057.825472196311}
{"timestamp": "2025-07-11T17:14:49.558975", "engine_id": "ENG-005", "temperature": 4090.7878669168026}
{"timestamp": "2025-07-11T17:14:52.094898", "engine_id": "ENG-001", "chamber_pressure": 269.04934996895145, "fuel_flow": 156.84106639825927, "temperature": 4051.7636274164865}
{"timestamp": "2025-07-11T17:14:54.408585", "engine_id": "ENG-004", "chamber_pressure": 277.1040290617109, "fuel_flow": 131.59152035936913, "temperature": 4067.7049699271743}
{"timestamp": "2025-07-11T17:14:57.389384", "engine_id": "ENG-001", "chamber_pressure": 293.02364919397854, "fuel_flow": 138.11419695814615, "temperature": 4001.7641803495103}
{"timestamp": "2025-07-11T17:15:01.811109", "engine_id": "ENG-005", "chamber_pressure": 419.73528629834107, "fuel_flow": 136.10538347678968, "temperature": 4108.032481803703}
{"timestamp": "2025-07-11T17:15:05.090349", "engine_id": "ENG-002", "chamber_pressure": 257.5738431115454, "fuel_flow": 126.38078854284507, "temperature": 4155.770903232744}
{"timestamp": "2025-07-11T17:15:08.675572", "engine_id": "ENG-002", "chamber_pressure": 253.36160537701755, "fuel_flow": 136.51773995472954, "temperature": 4166.842107664721}
{"timestamp": "2025-07-11T17:15:10.439297", "engine_id": "ENG-002", "chamber_pressure": 261.1620493259107, "fuel_flow": 123.33651316330072, "temperature": 4165.519837275675}
{"timestamp": "2025-07-11T17:15:15.279503", "engine_id": "ENG-002", "chamber_pressure": 276.3476846498333, "fuel_flow": 114.66378231410614, "temperature": 4028.554483694532}
{"timestamp": "2025-07-11T17:15:19.244376", "engine_id": "ENG-005", "chamber_pressure": 285.28643630113515, "fuel_flow": 136.91746871769288, "temperature": 4148.754819460117}
{"timestamp": "2025-07-11T17:15:20.698360", "engine_id": "ENG-003", "chamber_pressure": 275.31836417226725, "fuel_flow": 138.51754842588753, "temperature": 4058.5329821958576}
{"timestamp": "2025-07-11T17:15:21.813748", "engine_id": "ENG-005", "chamber_pressure": 279.90257660360857, "fuel_flow": 137.67471924939773, "temperature": 4077.2485290332456}
{"timestamp": "2025-07-11T17:15:23.469238", "engine_id": "ENG-003", "chamber_pressure": 287.9968275024287, "fuel_flow": 0, "temperature": 3948.5506869497403}
{"timestamp": "2025-07-11T17:15:28.181202", "engine_id": "ENG-005", "chamber_pressure": 267.86643074297774, "fuel_flow": 137.5914280922818, "temperature": 4073.043277906897}
{"timestamp": "2025-07-11T17:15:30.376496", "engine_id": "ENG-005", "chamber_pressure": 280.23817021793724, "fuel_flow": 127.0527333214993, "temperature": 4073.9497046983256}
{"timestamp": "2025-07-11T17:15:34.044113", "engine_id": "ENG-004", "chamber_pressure": 291.3259530221242, "fuel_flow": 126.13636580622196, "temperature": 4187.014282934727}
{"timestamp": "2025-07-11T17:15:36.290587", "engine_id": "ENG-004", "chamber_pressure": 270.8076338123002, "fuel_flow": 121.36981575111405, "temperature": 4162.18622956313}
{"timestamp": "2025-07-11T17:15:38.646861", "engine_id": "ENG-004", "chamber_pressure": 263.43068330832523, "fuel_flow": 121.84704078301846, "temperature": 4094.703701916958}
{"timestamp": "2025-07-11T17:15:42.252264", "engine_id": "ENG-004", "chamber_pressure": 285.9803921371685, "fuel_flow": 127.82146226998374, "temperature": 4124.2293396314}
{"timestamp": "2025-07-11T17:15:43.686603", "engine_id": "ENG-003", "chamber_pressure": 289.1785668506835, "fuel_flow": 145.6240867132419, "temperature": 4065.9903952338864}
{"timestamp": "2025-07-11T17:15:48.055556", "engine_id": "ENG-002", "chamber_pressure": 264.888557351491, "fuel_flow": 128.13699708236805, "temperature": 4158.645370703814}
{"timestamp": "2025-07-11T17:15:49.664711", "engine_id": "ENG-003", "chamber_pressure": 290.9553686065427, "fuel_flow": 139.11252058597412, "temperature": 4057.342816620042}
{"timestamp": "2025-07-11T17:15:54.350764", "engine_id": "ENG-001", "chamber_pressure": 280.22764140643, "fuel_flow": 138.33362979967146, "temperature": 4118.711635200233}
{"timestamp": "2025-07-11T17:15:56.895416", "engine_id": "ENG-005", "chamber_pressure": 273.6265190521579, "fuel_flow": 127.12788167963002, "temperature": 4062.7697239212753}
{"timestamp": "2025-07-11T17:15:58.106017", "engine_id": "ENG-001", "chamber_pressure": 283.4294744144853, "fuel_flow": 147.53665980135452, "temperature": 4095.743385986006}
{"timestamp": "2025-07-11T17:16:01.081296", "engine_id": "ENG-002", "chamber_pressure": 256.0875888365877, "fuel_flow": 128.2216166354911, "temperature": 4066.7016458100634}
{"timestamp": "2025-07-11T17:16:03.010133", "engine_id": "ENG-003", "chamber_pressure": 285.71738059838674, "fuel_flow": 152.8825974567053, "temperature": 3947.777933106006}
{"timestamp": "2025-07-11T17:16:07.645023", "engine_id": "ENG-002", "chamber_pressure": 734.5511523350003, "fuel_flow": 119.98951001868662, "temperature": 4166.947375570204}
{"timestamp": "2025-07-11T17:16:08.928978", "engine_id": "ENG-002", "fuel_flow": 126.94711129462468}
{"timestamp": "2025-07-11T17:16:10.124930", "engine_id": "ENG-002", "chamber_pressure": 283.42638922202576, "fuel_flow": 124.2837948067792, "temperature": 11689.16961962603}
{"timestamp": "2025-07-11T17:16:11.327091", "engine_id": "ENG-004", "chamber_pressure": 279.87866666614923, "fuel_flow": 135.6952321947097, "temperature": 4175.466784648685}
{"timestamp": "2025-07-11T17:16:12.491760", "engine_id": "ENG-003", "chamber_pressure": 288.73415930969264, "fuel_flow": 130.39473684253437, "temperature": 4094.380712182798}
{"timestamp": "2025-07-11T17:16:15.422772", "engine_id": "ENG-001", "chamber_pressure": 278.88267534110076, "fuel_flow": 130.37121023973606, "temperature": 4054.616663754965}
{"timestamp": "2025-07-11T17:16:19.996213", "engine_id": "ENG-002", "chamber_pressure": 266.4125047680908, "fuel_flow": 113.78988453780781, "temperature": 4122.704692880096}
{"timestamp": "2025-07-11T17:16:23.119890", "engine_id": "ENG-003", "chamber_pressure": 284.8479221235426, "fuel_flow": 145.9781092932904, "temperature": 3998.125353131393}
{"timestamp": "2025-07-11T17:16:27.101998", "engine_id": "ENG-002", "chamber_pressure": 271.4353121648983, "fuel_flow": 131.759072175166, "temperature": 4092.3419811016347}
{"timestamp": "2025-07-11T17:16:29.393655", "engine_id": "ENG-002", "chamber_pressure": 256.13846706851916, "fuel_flow": 128.39612170189883, "temperature": 4152.601544704505}
{"timestamp": "2025-07-11T17:16:32.954639", "engine_id": "ENG-005", "chamber_pressure": 284.52976333585013, "fuel_flow": 122.85739621367787, "temperature": 4039.924075975826}
{"timestamp": "2025-07-11T17:16:35.103003", "engine_id": "ENG-005", "chamber_pressure": 283.4658245482665, "fuel_flow": 132.71943365086008, "temperature": 4077.0222591867127}
{"timestamp": "2025-07-11T17:16:37.253082", "engine_id": "ENG-001", "chamber_pressure": 284.4301432621875, "fuel_flow": 135.52987847467614, "temperature": 4148.321196713762}
{"timestamp": "2025-07-11T17:16:38.380829", "engine_id": "ENG-001", "chamber_pressure": 273.78936242149456, "fuel_flow": 144.1590085647892, "temperature": 11917.892738368068}
{"timestamp": "2025-07-11T17:16:42.507308", "engine_id": "ENG-005", "fuel_flow": 151.42771897722773, "temperature": 4035.8728565584456}
{"timestamp": "2025-07-11T17:16:47.312520", "engine_id": "ENG-005", "chamber_pressure": 275.06283831465197, "fuel_flow": 486.32178363274767, "temperature": 3996.283814420491}
{"timestamp": "2025-07-11T17:16:50.893004", "engine_id": "ENG-002", "chamber_pressure": 263.892653199348, "fuel_flow": 127.14904568920076, "temperature": 4214.261002426639}
{"timestamp": "2025-07-11T17:16:52.644260", "engine_id": "ENG-003", "chamber_pressure": 292.9829276713527, "fuel_flow": 129.85669240214082, "temperature": 4119.807022493132}
{"timestamp": "2025-07-11T17:16:56.917222", "engine_id": "ENG-004", "chamber_pressure": 271.0845810362948, "fuel_flow": 114.79715225144463, "temperature": 4109.427126550229}
{"timestamp": "2025-07-11T17:17:01.695735", "engine_id": "ENG-003", "chamber_pressure": 299.6083967895086, "fuel_flow": 141.9399236616248, "temperature": 4114.164785255429}
{"timestamp": "2025-07-11T17:17:06.424029", "engine_id": "ENG-003", "chamber_pressure": 280.1349688425587, "fuel_flow": 150.4986877423853, "temperature": 4115.952690716596}
{"timestamp": "2025-07-11T17:17:10.396039", "engine_id": "ENG-003", "chamber_pressure": 292.92504154343914, "fuel_flow": 144.4183841335033, "temperature": 4054.3540219027022}
{"timestamp": "2025-07-11T17:17:11.473195", "engine_id": "ENG-005", "chamber_pressure": 261.28412810299693, "fuel_flow": 144.43446145093637, "temperature": 4090.210933382762}
{"timestamp": "2025-07-11T17:17:15.735151", "engine_id": "ENG-001", "chamber_pressure": 275.9903539638352, "fuel_flow": 133.38813868336146, "temperature": 4145.3097404286045}
{"timestamp": "2025-07-11T17:17:18.362178", "engine_id": "ENG-002", "chamber_pressure": 270.46916431472033, "fuel_flow": 120.00932680236349, "temperature": 4129.915404630736}
{"timestamp": "2025-07-11T17:17:21.798925", "engine_id": "ENG-005", "chamber_pressure": 275.7123381909251, "fuel_flow": 128.95390439597315, "temperature": 4067.3221270448244}
{"timestamp": "2025-07-11T17:17:23.104120", "engine_id": "ENG-004", "chamber_pressure": 259.26017264655076, "fuel_flow": 141.13823438014828, "temperature": 4139.8599566812}
{"timestamp": "2025-07-11T17:17:24.456069", "engine_id": "ENG-001", "chamber_pressure": 275.3703625684784, "fuel_flow": 144.96755796772226, "temperature": 4021.527155373514}
{"timestamp": "2025-07-11T17:17:25.773617", "engine_id": "ENG-002", "chamber_pressure": 259.9742194392623, "fuel_flow": 123.25942479834178, "temperature": 4143.8347248188265}
{"timestamp": "2025-07-11T17:17:29.523193", "engine_id": "ENG-003", "chamber_pressure": 290.8888838829936, "fuel_flow": 148.00570640852112, "temperature": 3984.3609605349307}
{"timestamp": "2025-07-11T17:17:33.450521", "engine_id": "ENG-002", "chamber_pressure": 251.20856665212034, "fuel_flow": 119.91472817753157, "temperature": 4115.193106382102}
{"timestamp": "2025-07-11T17:17:37.795313", "engine_id": "ENG-005", "chamber_pressure": 276.7922180049425, "fuel_flow": 130.12594891323093, "temperature": 3996.1436543189825}
{"timestamp": "2025-07-11T17:17:41.827583", "engine_id": "ENG-001", "chamber_pressure": 283.30410932501434, "fuel_flow": 145.83709587595428, "temperature": 4048.5353794857897}
{"timestamp": "2025-07-11T17:17:44.971831", "engine_id": "ENG-005", "chamber_pressure": 277.6511041398625, "fuel_flow": 138.72419827386412, "temperature": 4104.1759561132585}
{"timestamp": "2025-07-11T17:17:47.878730", "engine_id": "ENG-002", "chamber_pressure": 252.97747791203685, "fuel_flow": 130.94911835022876, "temperature": 4030.2928346316153}
{"timestamp": "2025-07-11T17:17:50.974701", "engine_id": "ENG-005", "chamber_pressure": 280.9323376374759, "fuel_flow": 135.06545826566452, "temperature": 4131.1358327426715}
{"timestamp": "2025-07-11T17:17:55.417812", "engine_id": "ENG-005", "chamber_pressure": 281.17902484815625, "fuel_flow": 128.87850754500204, "temperature": 4026.467605298836}
{"timestamp": "2025-07-11T17:18:00.139141", "engine_id": "ENG-003", "chamber_pressure": 284.30042792669735, "fuel_flow": 137.5037184175473, "temperature": 4060.356871558763}
{"timestamp": "2025-07-11T17:18:03.152448", "engine_id": "ENG-001", "chamber_pressure": 278.73088155755755, "fuel_flow": 137.72830197055015, "temperature": 4048.8694891957757}
{"timestamp": "2025-07-11T17:18:07.109423", "engine_id": "ENG-001", "chamber_pressure": 281.6212292521336, "fuel_flow": 119.97793661845513, "temperature": 4102.389192497619}
{"timestamp": "2025-07-11T17:18:11.587868", "engine_id": "ENG-005", "chamber_pressure": 271.68524649069053, "fuel_flow": 148.13191385170765, "temperature": 4028.6515855459506}
{"timestamp": "2025-07-11T17:18:16.215376", "engine_id": "ENG-002", "chamber_pressure": 268.57844798507267, "fuel_flow": 116.17464000241658, "temperature": 4088.638149358778}
{"timestamp": "2025-07-11T17:18:20.290513", "engine_id": "ENG-001", "chamber_pressure": 271.78944877831094, "fuel_flow": 121.42369296917718, "temperature": 4076.0032529865043}
{"timestamp": "2025-07-11T17:18:23.968865", "engine_id": "ENG-004", "chamber_pressure": 275.3988174681379, "fuel_flow": 140.0805582363132, "temperature": 4173.050455232215}
{"timestamp": "2025-07-11T17:18:26.229542", "engine_id": "ENG-005", "chamber_pressure": 268.39604490957396, "fuel_flow": 146.3573713715782, "temperature": 4101.927296484077}
{"timestamp": "2025-07-11T17:18:28.547085", "engine_id": "ENG-003", "chamber_pressure": 310.46149054706996, "fuel_flow": 141.14357902847277, "temperature": 4037.0509602581183}
{"timestamp": "2025-07-11T17:18:31.278912", "engine_id": "ENG-002", "chamber_pressure": 250.45116101902175, "fuel_flow": 121.93811682639769, "temperature": 4151.282575393205}
{"timestamp": "2025-07-11T17:18:32.888009", "engine_id": "ENG-004", "chamber_pressure": 292.3478012973659, "fuel_flow": 146.5356416988257, "temperature": 4116.872804479664}
{"timestamp": "2025-07-11T17:18:33.978691", "engine_id": "ENG-005", "chamber_pressure": 280.77709486658523, "fuel_flow": 135.59088644733853, "temperature": 4014.991875495851}
{"timestamp": "2025-07-11T17:18:36.393157", "engine_id": "ENG-005", "chamber_pressure": 274.77912235841046, "fuel_flow": 148.13306758997228, "temperature": 4050.279858828441}
{"timestamp": "2025-07-11T17:18:38.993883", "engine_id": "ENG-003", "chamber_pressure": 286.5424148194271, "fuel_flow": 155.34698764751263, "temperature": 4013.0298868164546}
{"timestamp": "2025-07-11T17:18:40.800802", "engine_id": "ENG-001", "chamber_pressure": 288.7493216069299, "fuel_flow": 141.73062021957296, "temperature": 4082.2448725370296}
{"timestamp": "2025-07-11T17:18:45.740494", "engine_id": "ENG-003", "chamber_pressure": 293.1086555583351, "fuel_flow": 141.08894347887363, "temperature": 4029.434926168901}
{"timestamp": "2025-07-11T17:18:47.675608", "engine_id": "ENG-005", "chamber_pressure": 267.59564299717, "fuel_flow": 141.46476890941497, "temperature": 4037.9675795844323}
{"timestamp": "2025-07-11T17:18:49.830931", "engine_id": "ENG-003", "chamber_pressure": 280.1601613426554, "fuel_flow": 147.55640605389374, "temperature": 4094.998176285477}
{"timestamp": "2025-07-11T17:18:52.373310", "engine_id": "ENG-005", "chamber_pressure": 271.1181452393612, "fuel_flow": 133.15831771022266, "temperature": 4081.4712880178113}
{"timestamp": "2025-07-11T17:18:54.559265", "engine_id": "ENG-001", "chamber_pressure": 284.54292504144325, "fuel_flow": 141.98824799748525, "temperature": 4075.8848375042585}
{"timestamp": "2025-07-11T17:18:56.568712", "engine_id": "ENG-005", "chamber_pressure": 272.50135426101485, "fuel_flow": 454.8471914094991, "temperature": 4138.0828237872665}
{"timestamp": "2025-07-11T17:18:58.388798", "engine_id": "ENG-004", "chamber_pressure": 283.25626880162383, "fuel_flow": 139.40245070113502, "temperature": 4103.266684444316}
{"timestamp": "2025-07-11T17:18:59.937596", "engine_id": "ENG-001", "chamber_pressure": 280.5835322405709, "fuel_flow": 127.50512648846104, "temperature": 4102.037002817825}
{"timestamp": "2025-07-11T17:19:01.347463", "engine_id": "ENG-004", "chamber_pressure": 271.04146722881393, "fuel_flow": 133.08014588366348, "temperature": 4027.7071550442556}
{"timestamp": "2025-07-11T17:19:03.498056", "engine_id": "ENG-002", "chamber_pressure": 265.0064132352813, "fuel_flow": 130.01246303387373, "temperature": 4130.081987690515}
{"timestamp": "2025-07-11T17:19:05.849638", "engine_id": "ENG-002", "chamber_pressure": 253.3858304555945, "fuel_flow": 115.30778976428566, "temperature": 4163.578398479002}
{"timestamp": "2025-07-11T17:19:09.720844", "engine_id": "ENG-003", "chamber_pressure": 281.3445223072232, "fuel_flow": 152.6174088591629, "temperature": 4041.267436111973}
{"timestamp": "2025-07-11T17:19:12.382632", "engine_id": "ENG-004", "chamber_pressure": 285.1818061222288, "fuel_flow": 123.96724370951199, "temperature": 4103.743002746162}
{"timestamp": "2025-07-11T17:19:14.734892", "engine_id": "ENG-003", "chamber_pressure": 288.9543553016838, "fuel_flow": 138.85952811698965, "temperature": 4084.453399642869}
{"timestamp": "2025-07-11T17:19:16.675155", "engine_id": "ENG-002", "chamber_pressure": 264.2452244024403, "fuel_flow": 123.28235734932677, "temperature": 4063.7053394371137}
{"timestamp": "2025-07-11T17:19:21.201063", "engine_id": "ENG-004", "chamber_pressure": 276.5568958431749, "fuel_flow": 136.29748016011413, "temperature": 4046.9391795055744}
{"timestamp": "2025-07-11T17:19:25.429476", "engine_id": "ENG-001", "chamber_pressure": 294.7592989219743, "fuel_flow": 155.43698689052297, "temperature": 4119.514713303888}
{"timestamp": "2025-07-11T17:19:29.035334", "engine_id": "ENG-005", "chamber_pressure": 287.3055520749821, "fuel_flow": 131.74852927867937, "temperature": 4072.5094390730305}
{"timestamp": "2025-07-11T17:19:30.321067", "engine_id": "ENG-002", "chamber_pressure": 264.59231245678296, "fuel_flow": 123.35872722153152, "temperature": 4147.732158705453}
{"timestamp": "2025-07-11T17:19:33.907853", "engine_id": "ENG-004", "chamber_pressure": 268.13128610855676, "fuel_flow": 129.16624292109958, "temperature": 4043.224736434235}
{"timestamp": "2025-07-11T17:19:38.708252", "engine_id": "ENG-005", "chamber_pressure": 277.103880963207, "fuel_flow": 120.37200680928277, "temperature": 4038.9128011003518}
{"timestamp": "2025-07-11T17:19:41.188780", "engine_id": "ENG-001", "chamber_pressure": 286.0182207468282, "fuel_flow": 133.47898035928048, "temperature": 4023.430738659039}
{"timestamp": "2025-07-11T17:19:44.414198", "engine_id": "ENG-003", "chamber_pressure": 276.0118830086871, "fuel_flow": 150.84109805029848, "temperature": 4014.539778527029}
{"timestamp": "2025-07-11T17:19:48.338841", "engine_id": "ENG-004", "chamber_pressure": 269.0248813868421, "fuel_flow": 137.41340292870265, "temperature": 4067.277584598667}
{"timestamp": "2025-07-11T17:19:49.769417", "engine_id": "ENG-005", "chamber_pressure": 271.43304825273594, "fuel_flow": 145.22193929547765, "temperature": 4079.5796296805333}
{"timestamp": "2025-07-11T17:19:52.039143", "engine_id": "ENG-004", "chamber_pressure": 287.4105744268485, "fuel_flow": 139.0140688237699, "temperature": -227.27750562322376}
{"timestamp": "2025-07-11T17:19:56.386087", "engine_id": "ENG-001", "chamber_pressure": 265.71300213938645, "fuel_flow": 138.29875867151475, "temperature": 4055.1668636975596}
{"timestamp": "2025-07-11T17:19:58.136287", "engine_id": "ENG-002", "chamber_pressure": 274.88821122980687, "fuel_flow": 117.66659324477814, "temperature": 4175.587976749373}
{"timestamp": "2025-07-11T17:20:00.955820", "engine_id": "ENG-004", "chamber_pressure": 288.4634096857043, "fuel_flow": 138.84545436155918, "temperature": 4015.778695563495}
{"timestamp": "2025-07-11T17:20:04.327370", "engine_id": "ENG-002", "chamber_pressure": 258.8772521856041, "fuel_flow": 113.53891009993089, "temperature": 4181.580963096062}
{"timestamp": "2025-07-11T17:20:05.768001", "engine_id": "ENG-003", "chamber_pressure": 293.75244822148414, "fuel_flow": 142.76403442441807, "temperature": 4002.9192188550846}
{"timestamp": "2025-07-11T17:20:07.102629", "engine_id": "ENG-003", "chamber_pressure": 301.7589895795057, "fuel_flow": 130.91820557611845, "temperature": 4070.7390870499275}
{"timestamp": "2025-07-11T17:20:09.533854", "engine_id": "ENG-002", "chamber_pressure": 247.59339234331327, "fuel_flow": 111.40949630967815, "temperature": 4091.506813271495}
{"timestamp": "2025-07-11T17:20:11.412115", "engine_id": "ENG-002", "chamber_pressure": 278.4975226978502, "fuel_flow": 124.52686068792205, "temperature": 4184.855825744684}
{"timestamp": "2025-07-11T17:20:15.763916", "engine_id": "ENG-005", "chamber_pressure": 275.4639793552713, "fuel_flow": 115.3738956077592, "temperature": 4131.2985541987455}
{"timestamp": "2025-07-11T17:20:20.148783", "engine_id": "ENG-002", "chamber_pressure": 267.6785879388626, "fuel_flow": 498.39330087430926, "temperature": 4128.053561415386}
{"timestamp": "2025-07-11T17:20:21.355219", "engine_id": "ENG-005", "chamber_pressure": 278.684484835515, "fuel_flow": 137.10038659725822, "temperature": 4063.157247927278}
{"timestamp": "2025-07-11T17:20:25.944400", "engine_id": "ENG-003", "chamber_pressure": 308.837515710752, "fuel_flow": 124.487069969467, "temperature": 4091.487465870067}
{"timestamp": "2025-07-11T17:20:30.067135", "engine_id": "ENG-002", "chamber_pressure": 268.8496673631108, "fuel_flow": 118.09711769661027, "temperature": 4088.3725253431935}
{"timestamp": "2025-07-11T17:20:34.643501", "engine_id": "ENG-003", "chamber_pressure": 304.0667132630523, "fuel_flow": 152.08928136941438, "temperature": 4039.5454314541817}
{"timestamp": "2025-07-11T17:20:38.952074", "engine_id": "ENG-002", "chamber_pressure": 278.9712211984646, "fuel_flow": 124.11432374261206, "temperature": 4083.172437001534}
{"timestamp": "2025-07-11T17:20:41.594986", "engine_id": "ENG-004", "chamber_pressure": 276.0377121502866, "fuel_flow": 139.85472716504384, "temperature": 4087.44744675155}
{"timestamp": "2025-07-11T17:20:46.134189", "engine_id": "ENG-003", "chamber_pressure": 282.9753648909718, "fuel_flow": 140.73692102999436, "temperature": 4073.1612455294717}
{"timestamp": "2025-07-11T17:20:48.621005", "engine_id": "ENG-004", "chamber_pressure": 260.3143810902952, "fuel_flow": 0, "temperature": 4108.531973424515}
{"timestamp": "2025-07-11T17:20:51.653858", "engine_id": "ENG-002", "chamber_pressure": 261.019036376057, "fuel_flow": 109.60636579084013, "temperature": 4209.304671107358}
{"timestamp": "2025-07-11T17:20:54.492545", "engine_id": "ENG-004", "chamber_pressure": 285.10000738810646, "fuel_flow": 131.4191919258229, "temperature": 4103.846315542119}
{"timestamp": "2025-07-11T17:20:58.266246", "engine_id": "ENG-003", "chamber_pressure": 270.051993178614, "fuel_flow": 133.15513688159592, "temperature": 3959.484972272301}
{"timestamp": "2025-07-11T17:21:01.181016", "engine_id": "ENG-004", "chamber_pressure": 270.0490156291358, "fuel_flow": 132.47289858442988, "temperature": 4093.06883745934}
{"timestamp": "2025-07-11T17:21:02.571407", "engine_id": "ENG-005", "chamber_pressure": 279.025077344606, "fuel_flow": 136.25521397215653, "temperature": 4122.687009478326}
{"timestamp": "2025-07-11T17:21:07.547010", "engine_id": "ENG-003", "chamber_pressure": 291.38609739183636, "fuel_flow": 156.41867183813628, "temperature": 4041.475542337794}
{"timestamp": "2025-07-11T17:21:11.521204", "engine_id": "ENG-001", "chamber_pressure": 295.3765991507507, "fuel_flow": 136.4984869227144, "temperature": 4004.185556660259}
{"timestamp": "2025-07-11T17:21:16.076841", "engine_id": "ENG-001", "chamber_pressure": 285.0114487136675, "fuel_flow": 130.66562653115912, "temperature": 4128.242572014935}
{"timestamp": "2025-07-11T17:21:18.787408", "engine_id": "ENG-002", "chamber_pressure": 255.74044866312542, "fuel_flow": 112.0028293808984, "temperature": 4105.708737316745}
{"timestamp": "2025-07-11T17:21:22.571754", "engine_id": "ENG-001", "chamber_pressure": 281.7554129180433, "fuel_flow": 149.74827769484654, "temperature": 4029.882587542991}
{"timestamp": "2025-07-11T17:21:26.692417", "engine_id": "ENG-004", "chamber_pressure": 275.2366905625499, "fuel_flow": 127.98048920368542, "temperature": 4045.0038311514895}
{"timestamp": "2025-07-11T17:21:29.286577", "engine_id": "ENG-004", "chamber_pressure": 266.1735986842812, "fuel_flow": 124.74869888473903, "temperature": 4134.120265976211}
{"timestamp": "2025-07-11T17:21:34.226089", "engine_id": "ENG-005", "chamber_pressure": 260.73524187462846, "fuel_flow": 126.48283622074801, "temperature": 4127.214663046968}
{"timestamp": "2025-07-11T17:21:37.021014", "engine_id": "ENG-003", "chamber_pressure": 274.2387923798718, "fuel_flow": 135.59139564123774, "temperature": 4018.3428593942326}
{"timestamp": "2025-07-11T17:21:40.108311", "engine_id": "ENG-001", "chamber_pressure": 275.0328983512434, "fuel_flow": 136.8322162320943, "temperature": 4177.777117451387}
{"timestamp": "2025-07-11T17:21:44.677716", "engine_id": "ENG-004", "chamber_pressure": 268.6519460805376, "fuel_flow": 126.84655998592608, "temperature": 4080.7795951144876}
{"timestamp": "2025-07-11T17:21:48.490641", "engine_id": "ENG-001", "chamber_pressure": 304.61749122382435, "fuel_flow": 138.08450033164397, "temperature": 4210.778606907028}
{"timestamp": "2025-07-11T17:21:51.576832", "engine_id": "ENG-003", "temperature": 4041.9637416623323}
{"timestamp": "2025-07-11T17:21:56.180498", "engine_id": "ENG-002", "chamber_pressure": 256.82345485503055, "fuel_flow": 132.3055973709982, "temperature": 4030.3938881277386}
{"timestamp": "2025-07-11T17:21:59.981334", "engine_id": "ENG-005", "chamber_pressure": 278.03545389142016, "fuel_flow": 151.63900337592875, "temperature": 4119.70020051557}
{"timestamp": "2025-07-11T17:22:01.944358", "engine_id": "ENG-003", "chamber_pressure": 296.9786567016046, "fuel_flow": 142.24920997827437, "temperature": 4020.566163261836}
{"timestamp": "2025-07-11T17:22:05.363792", "engine_id": "ENG-005", "chamber_pressure": 278.10485480540837, "fuel_flow": 137.82855346719646, "temperature": 4051.246340687549}
{"timestamp": "2025-07-11T17:22:08.859207", "engine_id": "ENG-004", "chamber_pressure": 287.7703387838194, "fuel_flow": 115.82567768763852, "temperature": 4143.687361343374}
{"timestamp": "2025-07-11T17:22:13.377280", "engine_id": "ENG-001", "chamber_pressure": 282.1206448698358, "fuel_flow": 132.0536344938895, "temperature": 4036.98934676257}
{"timestamp": "2025-07-11T17:22:15.445123", "engine_id": "ENG-004", "chamber_pressure": 272.6710356770706, "fuel_flow": 123.56571506702721, "temperature": 4062.872497785169}
{"timestamp": "2025-07-11T17:22:18.295913", "engine_id": "ENG-002", "chamber_pressure": -81.44258852513501, "fuel_flow": 121.72973913219451, "temperature": 4045.620503375621}
{"timestamp": "2025-07-11T17:22:20.276305", "engine_id": "ENG-002", "chamber_pressure": 259.02564980107735, "fuel_flow": 121.89150908130694}
{"timestamp": "2025-07-11T17:22:24.391548", "engine_id": "ENG-002", "chamber_pressure": 252.4991402057872, "fuel_flow": 105.90410301524217, "temperature": 4183.912124265694}
{"timestamp": "2025-07-11T17:22:26.558320", "engine_id": "ENG-005", "chamber_pressure": 271.2944381600063, "fuel_flow": 135.3689681729758, "temperature": 4066.2414735203824}
{"timestamp": "2025-07-11T17:22:29.906699", "engine_id": "ENG-004", "chamber_pressure": 275.2880174200929, "fuel_flow": 131.18158017707992, "temperature": 4048.125093457279}
{"timestamp": "2025-07-11T17:22:31.420215", "engine_id": "ENG-005", "chamber_pressure": 285.0130529395162, "fuel_flow": 140.9182480607447, "temperature": 4108.705329371735}
{"timestamp": "2025-07-11T17:22:35.383118", "engine_id": "ENG-002", "chamber_pressure": 268.81296423558035, "fuel_flow": 116.15946427078329, "temperature": 4137.069478960517}
{"timestamp": "2025-07-11T17:22:38.208171", "engine_id": "ENG-003", "chamber_pressure": 294.30423524789063, "fuel_flow": 135.46883407896735, "temperature": 4063.7739132710185}
{"timestamp": "2025-07-11T17:22:42.564540", "engine_id": "ENG-005", "chamber_pressure": 282.92168741169843, "fuel_flow": 149.87533745874626, "temperature": 4074.4186672877677}
{"timestamp": "2025-07-11T17:22:44.121584", "engine_id": "ENG-005", "chamber_pressure": 281.68221435051714, "fuel_flow": 135.78180781748173, "temperature": 4047.986629343622}
{"timestamp": "2025-07-11T17:22:47.083492", "engine_id": "ENG-003", "chamber_pressure": 286.2226334410315, "fuel_flow": 141.655560051491, "temperature": 4000.543076707009}
{"timestamp": "2025-07-11T17:22:51.753201", "engine_id": "ENG-005", "chamber_pressure": 263.81253207747045, "fuel_flow": 138.08200289209924, "temperature": 4088.033057971202}
{"timestamp": "2025-07-11T17:22:53.203652", "engine_id": "ENG-005", "chamber_pressure": 283.06527292259983, "fuel_flow": 129.35911829108667, "temperature": 4081.32116181493}
{"timestamp": "2025-07-11T17:22:57.516855", "engine_id": "ENG-002", "chamber_pressure": 259.4255359852248, "fuel_flow": 135.22260403535412, "temperature": 4184.328461083837}
{"timestamp": "2025-07-11T17:23:00.632667", "engine_id": "ENG-001", "chamber_pressure": 277.4749245921585, "fuel_flow": 142.64929361102367, "temperature": 4128.830811528279}
{"timestamp": "2025-07-11T17:23:04.607367", "engine_id": "ENG-005", "chamber_pressure": 266.68665697843755, "fuel_flow": 138.97264528412236, "temperature": 4089.8721155036233}
{"timestamp": "2025-07-11T17:23:06.218398", "engine_id": "ENG-003", "chamber_pressure": 289.0250239475572, "fuel_flow": 139.55959732766928, "temperature": 4102.472869558075}
{"timestamp": "2025-07-11T17:23:09.162586", "engine_id": "ENG-004", "chamber_pressure": 282.66462852403555, "fuel_flow": 134.92070971564445, "temperature": 4102.381075950921}
{"timestamp": "2025-07-11T17:23:13.832191", "engine_id": "ENG-002", "chamber_pressure": 258.03262581693247, "fuel_flow": 128.3035129660936, "temperature": 4225.7280443071495}
{"timestamp": "2025-07-11T17:23:18.720823", "engine_id": "ENG-005", "chamber_pressure": 295.17067425007815, "fuel_flow": 124.31783355959669, "temperature": 4003.880277662654}
{"timestamp": "2025-07-11T17:23:22.730429", "engine_id": "ENG-001", "chamber_pressure": 275.69549346568493, "fuel_flow": 135.1655237948305, "temperature": 4079.9050783771013}
{"timestamp": "2025-07-11T17:23:24.427203", "engine_id": "ENG-005", "fuel_flow": 139.23395475234443, "temperature": 4096.682730588071}
{"timestamp": "2025-07-11T17:23:26.791675", "engine_id": "ENG-003", "chamber_pressure": 289.39818035846315, "fuel_flow": 137.07090099566574, "temperature": 4119.763459371944}
{"timestamp": "2025-07-11T17:23:28.433435", "engine_id": "ENG-002", "chamber_pressure": 264.13205904931215, "fuel_flow": 120.84429303348506, "temperature": 4198.868757244888}
{"timestamp": "2025-07-11T17:23:30.774215", "engine_id": "ENG-005", "chamber_pressure": 281.06653728550367, "fuel_flow": 140.0192567135756, "temperature": -236.42522443431795}
{"timestamp": "2025-07-11T17:23:35.113060", "engine_id": "ENG-001", "chamber_pressure": 290.1543886896641, "fuel_flow": 138.3133455470508, "temperature": 4074.4129822688224}
{"timestamp": "2025-07-11T17:23:36.972453", "engine_id": "ENG-004", "chamber_pressure": 273.43686890816076, "fuel_flow": 130.50609961964508, "temperature": 4166.350759148685}
{"timestamp": "2025-07-11T17:23:40.251211", "engine_id": "ENG-001", "chamber_pressure": 295.661169216853, "fuel_flow": 151.5299719260611, "temperature": 4153.484402193805}
{"timestamp": "2025-07-11T17:23:42.815920", "engine_id": "ENG-005", "chamber_pressure": 269.7285642063643, "fuel_flow": 124.41742689439803, "temperature": 4044.913026326669}
{"timestamp": "2025-07-11T17:23:45.973329", "engine_id": "ENG-001", "chamber_pressure": 291.7180882705819, "fuel_flow": 140.3106811670007, "temperature": 4138.838943564851}
{"timestamp": "2025-07-11T17:23:50.662113", "engine_id": "ENG-002", "chamber_pressure": 251.58379083579177, "fuel_flow": 126.62787093130886, "temperature": 4143.7478852131335}
{"timestamp": "2025-07-11T17:23:52.953100", "engine_id": "ENG-004", "chamber_pressure": 274.14521762406764, "fuel_flow": 137.57512255465713, "temperature": 4152.714748202431}
{"timestamp": "2025-07-11T17:23:56.258011", "engine_id": "ENG-002", "chamber_pressure": 275.74367337326123, "fuel_flow": 120.62519293855568, "temperature": 4093.944707590784}
{"timestamp": "2025-07-11T17:23:57.782994", "engine_id": "ENG-001", "chamber_pressure": 274.0385598888079, "fuel_flow": 140.26938487670213, "temperature": 4154.176847446114}
{"timestamp": "2025-07-11T17:24:00.855370", "engine_id": "ENG-005", "chamber_pressure": 298.9903049423758, "fuel_flow": 125.17983379522161, "temperature": 4067.3814939333224}
{"timestamp": "2025-07-11T17:24:02.097268", "engine_id": "ENG-004", "chamber_pressure": 271.33226761599434, "fuel_flow": 124.74119189329681, "temperature": 4112.692252645833}
{"timestamp": "2025-07-11T17:24:03.320522", "engine_id": "ENG-002", "chamber_pressure": 253.52279003955465, "fuel_flow": 132.09574201685962, "temperature": 4224.8984096450995}
{"timestamp": "2025-07-11T17:24:06.831051", "engine_id": "ENG-004", "chamber_pressure": 247.88339350756354, "fuel_flow": 141.50125033746676, "temperature": 4139.550155347139}
{"timestamp": "2025-07-11T17:24:11.626544", "engine_id": "ENG-001", "chamber_pressure": 291.80200021534284}
{"timestamp": "2025-07-11T17:24:14.354289", "engine_id": "ENG-005", "chamber_pressure": 276.27631630030555, "fuel_flow": 133.99059081435541, "temperature": 4098.953419997367}
{"timestamp": "2025-07-11T17:24:15.609627", "engine_id": "ENG-003", "chamber_pressure": 284.2530009928498, "fuel_flow": 138.10907794256474, "temperature": 4038.9962103214048}
{"timestamp": "2025-07-11T17:24:17.357853", "engine_id": "ENG-005", "chamber_pressure": 281.17843900856076, "fuel_flow": 121.03680295248105, "temperature": 4139.89015619735}
{"timestamp": "2025-07-11T17:24:21.498629", "engine_id": "ENG-004", "chamber_pressure": 277.22106805329304, "fuel_flow": 141.1545342221425, "temperature": 4085.810299841067}
{"timestamp": "2025-07-11T17:24:22.991571", "engine_id": "ENG-002", "chamber_pressure": 243.76748465392328, "fuel_flow": 117.48156809750849, "temperature": 4184.682336196162}
{"timestamp": "2025-07-11T17:24:25.086019", "engine_id": "ENG-004", "chamber_pressure": 277.7996057193847, "fuel_flow": 132.8511099281339, "temperature": 4089.938467558939}
{"timestamp": "2025-07-11T17:24:28.731317", "engine_id": "ENG-002", "chamber_pressure": 248.24251367110443, "fuel_flow": 123.9791784134716, "temperature": 4014.1363880570707}
{"timestamp": "2025-07-11T17:24:30.588351", "engine_id": "ENG-005", "chamber_pressure": 263.7906933327711, "fuel_flow": 136.59886623043195, "temperature": 4099.0737349019455}
{"timestamp": "2025-07-11T17:24:32.899840", "engine_id": "ENG-001", "chamber_pressure": 259.0399925152134, "fuel_flow": 130.07932577077483, "temperature": 4075.730320892169}
{"timestamp": "2025-07-11T17:24:35.114475", "engine_id": "ENG-004", "chamber_pressure": 273.0354145423069, "fuel_flow": 131.2071560862877, "temperature": 4153.69609546447}
{"timestamp": "2025-07-11T17:24:37.168052", "engine_id": "ENG-001", "chamber_pressure": 292.65766761241173, "fuel_flow": 151.35070494252972, "temperature": 4010.3599064307346}
{"timestamp": "2025-07-11T17:24:39.435989", "engine_id": "ENG-004", "chamber_pressure": 270.4576846234568, "fuel_flow": 129.80332835130736, "temperature": 4097.178637414203}
{"timestamp": "2025-07-11T17:24:43.947193", "engine_id": "ENG-002", "chamber_pressure": 275.3923716161081, "fuel_flow": 131.8130140883609, "temperature": 4088.4541601084484}
{"timestamp": "2025-07-11T17:24:48.249590", "engine_id": "ENG-005", "chamber_pressure": 270.40210306960375, "fuel_flow": 126.61903896205109, "temperature": 4068.531451107071}
{"timestamp": "2025-07-11T17:24:52.140310", "engine_id": "ENG-001", "chamber_pressure": 264.6418328898171, "fuel_flow": 134.70264923003654, "temperature": 4069.462204976978}
{"timestamp": "2025-07-11T17:24:55.757603", "engine_id": "ENG-005", "chamber_pressure": 282.2849856802885, "fuel_flow": 125.72852419102291, "temperature": 4131.747560614894}
{"timestamp": "2025-07-11T17:24:59.266438", "engine_id": "ENG-004", "chamber_pressure": 288.596531659291, "fuel_flow": 121.22711030650969, "temperature": 4150.7487791276235}
{"timestamp": "2025-07-11T17:25:02.805022", "engine_id": "ENG-005", "chamber_pressure": 259.0770662155016, "fuel_flow": 136.38069157132338, "temperature": 4151.482871134373}
{"timestamp": "2025-07-11T17:25:03.859853", "engine_id": "ENG-003", "chamber_pressure": 259.47796450936397, "fuel_flow": 135.67776612046637, "temperature": 4004.4764449609447}
{"timestamp": "2025-07-11T17:25:06.339076", "engine_id": "ENG-002", "chamber_pressure": 266.5827824698932, "fuel_flow": 120.62674740580182, "temperature": 4159.679728562176}
{"timestamp": "2025-07-11T17:25:07.569654", "engine_id": "ENG-005", "chamber_pressure": 258.77484992505913, "fuel_flow": 144.7168871333312, "temperature": 4101.618284925877}
{"timestamp": "2025-07-11T17:25:09.317443", "engine_id": "ENG-002", "chamber_pressure": 259.42636138926053, "fuel_flow": 114.8589913786829, "temperature": 4225.224242911267}
{"timestamp": "2025-07-11T17:25:12.498224", "engine_id": "ENG-003", "chamber_pressure": 297.8418968005442, "fuel_flow": 133.57599411059533, "temperature": 4044.2337612806873}
{"timestamp": "2025-07-11T17:25:16.805602", "engine_id": "ENG-001", "chamber_pressure": 294.88812721701646, "fuel_flow": 135.144065726894, "temperature": 4128.933718213861}
{"timestamp": "2025-07-11T17:25:21.198831", "engine_id": "ENG-001", "chamber_pressure": 274.6538365730091, "fuel_flow": 137.26108065070923, "temperature": 4006.2303243740016}
{"timestamp": "2025-07-11T17:25:24.783778", "engine_id": "ENG-005", "chamber_pressure": 277.6597699919618, "fuel_flow": 125.74486509809726, "temperature": 4169.919222619974}
{"timestamp": "2025-07-11T17:25:27.895064", "engine_id": "ENG-001", "chamber_pressure": 294.77108282648317, "fuel_flow": 144.30085698719498, "temperature": 4141.107175779265}
{"timestamp": "2025-07-11T17:25:32.463640", "engine_id": "ENG-003", "chamber_pressure": 275.22581721738334, "fuel_flow": 154.7665177034559, "temperature": 4144.349112978235}
{"timestamp": "2025-07-11T17:25:35.238414", "engine_id": "ENG-004", "chamber_pressure": 268.63862489684783, "fuel_flow": 141.392404725702, "temperature": 4200.811602997178}
{"timestamp": "2025-07-11T17:25:37.086019", "engine_id": "ENG-002", "chamber_pressure": 265.48678493155654, "fuel_flow": 120.11792216563533, "temperature": 4094.4073069340225}
{"timestamp": "2025-07-11T17:25:41.313560", "engine_id": "ENG-003", "chamber_pressure": 290.9462806690043, "fuel_flow": 141.1457424152565, "temperature": 4161.650333656473}
{"timestamp": "2025-07-11T17:25:43.065842", "engine_id": "ENG-004", "chamber_pressure": 285.540318219935, "fuel_flow": 128.77210784837501, "temperature": 4151.777214722222}
{"timestamp": "2025-07-11T17:25:46.262215", "engine_id": "ENG-001", "chamber_pressure": 267.7641480015593, "fuel_flow": 136.3709653179372, "temperature": 4016.481308672735}
{"timestamp": "2025-07-11T17:25:50.185501", "engine_id": "ENG-005", "fuel_flow": 128.02972097695695, "temperature": 4033.334263521844}
{"timestamp": "2025-07-11T17:25:52.184530", "engine_id": "ENG-001", "chamber_pressure": 282.3596152811203, "fuel_flow": 131.8359348437839, "temperature": 4104.940667806203}
{"timestamp": "2025-07-11T17:25:54.017103", "engine_id": "ENG-005", "chamber_pressure": 285.0903550802946, "fuel_flow": 133.54833589963806, "temperature": 4182.844640135992}
{"timestamp": "2025-07-11T17:25:56.773319", "engine_id": "ENG-003", "chamber_pressure": 282.53352513309835, "fuel_flow": 135.7493307240638, "temperature": 4046.3163754209318}
{"timestamp": "2025-07-11T17:25:57.995437", "engine_id": "ENG-005", "chamber_pressure": 272.323685172074, "fuel_flow": 130.69308878147223, "temperature": 4113.780291981581}
{"timestamp": "2025-07-11T17:26:02.847049", "engine_id": "ENG-005", "chamber_pressure": 277.6134539108627, "fuel_flow": 125.70374406785992, "temperature": 4117.326574813964}
{"timestamp": "2025-07-11T17:26:04.359626", "engine_id": "ENG-004", "chamber_pressure": 273.33626908799835, "fuel_flow": 127.09394585622577, "temperature": 4162.709913378918}
{"timestamp": "2025-07-11T17:26:07.551038", "engine_id": "ENG-004", "chamber_pressure": 281.3826423169629, "fuel_flow": 134.95682539156422, "temperature": 3990.5055566973215}
{"timestamp": "2025-07-11T17:26:09.891493", "engine_id": "ENG-005", "chamber_pressure": 267.84018880028407, "fuel_flow": 139.70803935230495, "temperature": 8942.08694166045}
{"timestamp": "2025-07-11T17:26:13.680873", "engine_id": "ENG-003", "chamber_pressure": 284.0652555817773, "fuel_flow": 135.46233369601288, "temperature": 4048.356863948704}
{"timestamp": "2025-07-11T17:26:16.200601", "engine_id": "ENG-005", "chamber_pressure": 276.33889884432676, "fuel_flow": 137.28234603645296, "temperature": 4170.902854307739}
{"timestamp": "2025-07-11T17:26:17.748602", "engine_id": "ENG-002", "chamber_pressure": 266.5174592868397, "fuel_flow": 122.44499503043346, "temperature": 4167.306645670267}
{"timestamp": "2025-07-11T17:26:21.391551", "engine_id": "ENG-002", "chamber_pressure": 272.8289487738541, "fuel_flow": 121.23556001316403, "temperature": -266.96600191387324}
{"timestamp": "2025-07-11T17:26:23.922747", "engine_id": "ENG-002", "chamber_pressure": 254.6848840661523, "fuel_flow": 125.74929281974563, "temperature": 4107.454080540547}
{"timestamp": "2025-07-11T17:26:27.813652", "engine_id": "ENG-005", "chamber_pressure": 262.83454841995825, "fuel_flow": 132.90348979580654, "temperature": 4132.797995140731}
{"timestamp": "2025-07-11T17:26:31.864822", "engine_id": "ENG-001", "chamber_pressure": 287.86285431379076, "fuel_flow": 142.71713770833827, "temperature": 4031.295677225834}
{"timestamp": "2025-07-11T17:26:35.707757", "engine_id": "ENG-004", "chamber_pressure": 267.55017165606193, "fuel_flow": 129.2351688780904, "temperature": 4228.288435802103}
{"timestamp": "2025-07-11T17:26:38.088229", "engine_id": "ENG-005", "chamber_pressure": 265.4411593060164, "fuel_flow": 140.54909228303953, "temperature": 4005.818173151537}
{"timestamp": "2025-07-11T17:26:41.353179", "engine_id": "ENG-005", "chamber_pressure": 269.90824909812136, "fuel_flow": 148.27262127783905, "temperature": 4159.524926801689}
{"timestamp": "2025-07-11T17:26:45.453515", "engine_id": "ENG-004", "chamber_pressure": 277.31375471838356, "fuel_flow": 131.89235514799088, "temperature": 9717.191011311255}
{"timestamp": "2025-07-11T17:26:47.980662", "engine_id": "ENG-001", "chamber_pressure": 294.0162226198189, "fuel_flow": 138.1126004753107, "temperature": 4111.035897733826}
{"timestamp": "2025-07-11T17:26:50.019474", "engine_id": "ENG-002", "chamber_pressure": 270.6128956977365, "fuel_flow": 114.88788773815439, "temperature": 4138.279742273251}
{"timestamp": "2025-07-11T17:26:52.370241", "engine_id": "ENG-003", "chamber_pressure": 282.7979383126485, "fuel_flow": 144.10320224840243, "temperature": 4106.436032061982}
{"timestamp": "2025-07-11T17:26:54.836827", "engine_id": "ENG-003", "chamber_pressure": 276.14004450659843, "fuel_flow": 152.7728508699117, "temperature": 4030.3982764057787}
{"timestamp": "2025-07-11T17:26:59.075279", "engine_id": "ENG-002", "chamber_pressure": 266.30294851686836, "fuel_flow": 127.81572448276634, "temperature": 4229.811509803588}
{"timestamp": "2025-07-11T17:27:03.916378", "engine_id": "ENG-004", "chamber_pressure": 521.0710295997562, "fuel_flow": 127.83895237499975, "temperature": 4095.8187898791293}
{"timestamp": "2025-07-11T17:27:06.946472", "engine_id": "ENG-004", "chamber_pressure": 257.73872620295725, "fuel_flow": 129.3926411336147, "temperature": 4179.255055207402}
{"timestamp": "2025-07-11T17:27:09.707679", "engine_id": "ENG-005", "chamber_pressure": 289.02907724310046, "fuel_flow": 131.79429990960753, "temperature": 4042.334520197355}
{"timestamp": "2025-07-11T17:27:11.305168", "engine_id": "ENG-004", "chamber_pressure": 267.1299878517806, "fuel_flow": 135.67824960710183, "temperature": 4061.994288347895}
{"timestamp": "2025-07-11T17:27:13.872985", "engine_id": "ENG-001", "chamber_pressure": 287.489240733498, "fuel_flow": 139.81434048720192, "temperature": 4179.37332082005}
{"timestamp": "2025-07-11T17:27:16.828638", "engine_id": "ENG-004", "chamber_pressure": 293.068233768918, "fuel_flow": 129.36321535922323, "temperature": 4084.256839467901}
{"timestamp": "2025-07-11T17:27:20.948940", "engine_id": "ENG-005", "chamber_pressure": 281.19906742930635, "fuel_flow": 139.84336949012436, "temperature": 4150.729095883494}
{"timestamp": "2025-07-11T17:27:24.332433", "engine_id": "ENG-003", "chamber_pressure": 282.91507193968783, "fuel_flow": 150.99402390545723, "temperature": 4050.8040801009083}
{"timestamp": "2025-07-11T17:27:29.058091", "engine_id": "ENG-004", "chamber_pressure": 283.2425567473724, "fuel_flow": 135.3247416843163, "temperature": 4050.1990664961468}
{"timestamp": "2025-07-11T17:27:33.310618", "engine_id": "ENG-005", "chamber_pressure": 278.22323000212594, "fuel_flow": 134.08155891572244, "temperature": 4134.531222203157}
{"timestamp": "2025-07-11T17:27:36.733063", "engine_id": "ENG-004", "chamber_pressure": 281.8984652907597, "fuel_flow": 129.37182956487507, "temperature": 4183.390394473208}
{"timestamp": "2025-07-11T17:27:37.919635", "engine_id": "ENG-004", "chamber_pressure": 274.70925560542145, "fuel_flow": 133.89936497810316, "temperature": 4093.680968198904}
{"timestamp": "2025-07-11T17:27:42.111438", "engine_id": "ENG-001", "chamber_pressure": 290.5704795304271, "fuel_flow": 152.6220241695861, "temperature": 4026.624483671869}
{"timestamp": "2025-07-11T17:27:47.094738", "engine_id": "ENG-003", "chamber_pressure": 271.0711455403221, "fuel_flow": 146.5108684516489, "temperature": 3959.5242232809173}
{"timestamp": "2025-07-11T17:27:50.327520", "engine_id": "ENG-002", "chamber_pressure": 258.49162877367644, "fuel_flow": 128.88892953662466, "temperature": 4079.169848301516}
{"timestamp": "2025-07-11T17:27:53.184427", "engine_id": "ENG-005", "chamber_pressure": 286.6220318094948, "fuel_flow": 139.79406091100347, "temperature": 4109.729318439384}
{"timestamp": "2025-07-11T17:27:56.720082", "engine_id": "ENG-001", "chamber_pressure": 273.3036893776325, "fuel_flow": 151.19084419169866, "temperature": 4121.4611010057415}
{"timestamp": "2025-07-11T17:27:58.304438", "engine_id": "ENG-005", "chamber_pressure": 295.2820830581374, "fuel_flow": 140.95879861442768, "temperature": 4120.544236119733}
{"timestamp": "2025-07-11T17:28:02.085035", "engine_id": "ENG-003", "chamber_pressure": 305.2061987443673, "fuel_flow": 137.3218146761923, "temperature": 4119.4689105590915}
{"timestamp": "2025-07-11T17:28:04.938659", "engine_id": "ENG-005", "chamber_pressure": 289.0440422396386, "fuel_flow": 140.9675463267874, "temperature": 4123.416600748038}
{"timestamp": "2025-07-11T17:28:07.666586", "engine_id": "ENG-004", "chamber_pressure": 258.29706053798964, "fuel_flow": 134.6702938160473, "temperature": 4120.133313132829}
{"timestamp": "2025-07-11T17:28:10.603652", "engine_id": "ENG-004", "chamber_pressure": 254.612511714613, "fuel_flow": 146.36891335085272, "temperature": 4148.370558576672}
{"timestamp": "2025-07-11T17:28:13.415446", "engine_id": "ENG-005", "chamber_pressure": 288.2127749710287, "fuel_flow": 125.76905853287892, "temperature": 4076.6663757329256}
{"timestamp": "2025-07-11T17:28:15.032982", "engine_id": "ENG-003", "chamber_pressure": 284.09991778451933, "fuel_flow": 146.41022446943506, "temperature": 4140.164783456974}
{"timestamp": "2025-07-11T17:28:16.254558", "engine_id": "ENG-002", "chamber_pressure": 252.6385716471746, "fuel_flow": 132.21254896268914, "temperature": 4068.0296482047165}
{"timestamp": "2025-07-11T17:28:20.566708", "engine_id": "ENG-005", "chamber_pressure": 292.55030838743306, "temperature": 4137.078126756739}
{"timestamp": "2025-07-11T17:28:22.087682", "engine_id": "ENG-002", "chamber_pressure": 931.3561321377992, "fuel_flow": 129.69766762539447, "temperature": 4160.994713355837}
{"timestamp": "2025-07-11T17:28:24.626167", "engine_id": "ENG-003", "chamber_pressure": 288.9523741297533, "fuel_flow": 144.37070754667855, "temperature": 4066.68834196534}
{"timestamp": "2025-07-11T17:28:25.920793", "engine_id": "ENG-004", "chamber_pressure": 259.9180541997665, "fuel_flow": 132.18547537393204, "temperature": 4109.344211618609}
{"timestamp": "2025-07-11T17:28:29.612446", "engine_id": "ENG-001", "chamber_pressure": 283.15401215571876, "fuel_flow": 388.0872383972531, "temperature": 4059.2121029659393}
{"timestamp": "2025-07-11T17:28:32.730082", "engine_id": "ENG-004", "chamber_pressure": 276.4149417698792, "fuel_flow": 124.00061687642847, "temperature": 4135.931580067092}
{"timestamp": "2025-07-11T17:28:35.879376", "engine_id": "ENG-002", "chamber_pressure": 266.2748316342791, "fuel_flow": 121.78646541136808, "temperature": 4256.3706451242}
{"timestamp": "2025-07-11T17:28:40.414698", "engine_id": "ENG-001", "chamber_pressure": 282.7342906474156, "fuel_flow": 140.1424783411551, "temperature": 3991.100989260935}
{"timestamp": "2025-07-11T17:28:42.057121", "engine_id": "ENG-001", "chamber_pressure": 282.5039376362485, "fuel_flow": 130.3221593501619, "temperature": 4097.999354767225}
{"timestamp": "2025-07-11T17:28:45.124202", "engine_id": "ENG-004", "chamber_pressure": 260.56866450704723, "fuel_flow": 129.8557891724176, "temperature": 4089.8127939801716}
{"timestamp": "2025-07-11T17:28:49.889112", "engine_id": "ENG-001", "chamber_pressure": 300.0715491124014, "fuel_flow": 134.81003862476553, "temperature": 4158.29081809887}
{"timestamp": "2025-07-11T17:28:51.379583", "engine_id": "ENG-003", "chamber_pressure": 296.34020307268656, "fuel_flow": 136.68389100018814, "temperature": 3988.1220892431934}
{"timestamp": "2025-07-11T16:40:42.199181", "engine_id": "ENG-001", "chamber_pressure": 269.556740683985, "fuel_flow": 151.45250152955367, "temperature": 4061.3812153305503}
{"timestamp": "2025-07-11T16:40:56.170993", "engine_id": "ENG-003", "chamber_pressure": 307.2845069084787, "fuel_flow": 131.25891295507358, "temperature": 4047.6904116398514}
{"timestamp": "2025-07-11T16:43:02.093417", "engine_id": "ENG-005", "chamber_pressure": 268.3893840067561, "fuel_flow": 143.91394964801313, "temperature": 3989.1849743707025}
{"timestamp": "2025-07-11T16:43:32.603010", "engine_id": "ENG-005", "chamber_pressure": 297.5659583035392, "fuel_flow": 138.59668280887183, "temperature": 4141.601302376914}
{"timestamp": "2025-07-11T16:43:47.138146", "engine_id": "ENG-003", "chamber_pressure": 289.9828052228525, "fuel_flow": 142.14142380298676, "temperature": 4015.8119511524988}
{"timestamp": "2025-07-11T16:44:32.950245", "engine_id": "ENG-005", "chamber_pressure": 285.54722844540885, "fuel_flow": 133.37486520135295, "temperature": 4061.77616785272}
{"timestamp": "2025-07-11T16:44:50.445691", "engine_id": "ENG-001", "chamber_pressure": 268.31930678892365, "fuel_flow": 141.62906852174234, "temperature": 4074.351354662376}
{"timestamp": "2025-07-11T16:46:03.393808", "engine_id": "ENG-001", "chamber_pressure": 294.677658386044, "fuel_flow": 137.21173023591373, "temperature": 4198.628097845527}
{"timestamp": "2025-07-11T16:46:16.394580", "engine_id": "ENG-002", "chamber_pressure": 276.3463679866955, "fuel_flow": 129.26727189995086, "temperature": 4198.412854507386}
{"timestamp": "2025-07-11T16:48:05.497270", "engine_id": "ENG-001", "chamber_pressure": 285.4001427256769, "fuel_flow": 152.16486070547114, "temperature": 3998.3544514203677}
{"timestamp": "2025-07-11T16:48:53.051395", "engine_id": "ENG-001", "chamber_pressure": 285.0509366214979, "fuel_flow": 121.78454254954302, "temperature": 4037.823729904066}
{"timestamp": "2025-07-11T16:49:45.375186", "engine_id": "ENG-005", "chamber_pressure": 273.66064064257495, "fuel_flow": 137.86098632916145, "temperature": 4090.6593100602463}
{"timestamp": "2025-07-11T16:50:14.614859", "engine_id": "ENG-001", "chamber_pressure": 279.6020163416831, "fuel_flow": 145.9484675778801, "temperature": 4121.247017340529}
{"timestamp": "2025-07-11T16:53:12.352844", "engine_id": "ENG-002", "chamber_pressure": 269.6090516626759, "fuel_flow": 128.51570096304908, "temperature": 4038.6504548623748}
{"timestamp": "2025-07-11T16:53:41.981247", "engine_id": "ENG-004", "chamber_pressure": 254.8266607066016, "fuel_flow": 120.01106872892365, "temperature": 4167.098273743845}
{"timestamp": "2025-07-11T16:54:03.144846", "engine_id": "ENG-004", "chamber_pressure": 274.9889366924289, "fuel_flow": 131.21407228449274, "temperature": 4156.527636738249}
{"timestamp": "2025-07-11T16:54:17.905487", "engine_id": "ENG-004", "chamber_pressure": 275.105246909538, "fuel_flow": 136.39782688066654, "temperature": 4146.9928217512015}
{"timestamp": "2025-07-11T16:55:55.482051", "engine_id": "ENG-003", "chamber_pressure": 277.675276407129, "fuel_flow": 144.3994871015816, "temperature": 4080.4563597380443}
{"timestamp": "2025-07-11T16:56:47.300185", "engine_id": "ENG-003", "chamber_pressure": 766.3142475694642, "fuel_flow": 137.87413713375844, "temperature": 4019.494487804027}
{"timestamp": "2025-07-11T16:58:28.745212", "engine_id": "ENG-005", "chamber_pressure": 277.65496665331995, "fuel_flow": 132.0172806059134, "temperature": 4121.913671770887}
{"timestamp": "2025-07-11T17:00:38.196047", "engine_id": "ENG-005", "chamber_pressure": 278.209983243777, "fuel_flow": 138.84369036209245, "temperature": 4113.900531812513}
{"timestamp": "2025-07-11T17:01:15.088790", "engine_id": "ENG-005", "chamber_pressure": 263.60890770777286, "fuel_flow": 122.10006087981174, "temperature": 4091.5805816644033}
{"timestamp": "2025-07-11T17:01:52.866036", "engine_id": "ENG-001", "chamber_pressure": 299.43202169582645, "fuel_flow": 140.86964823320437, "temperature": 4097.136927305269}
{"timestamp": "2025-07-11T17:02:50.709620", "engine_id": "ENG-005", "chamber_pressure": 277.9545846810403, "fuel_flow": 131.44494247691847, "temperature": 4105.378227967273}
{"timestamp": "2025-07-11T17:09:00.963735", "engine_id": "ENG-001", "chamber_pressure": 275.3166638293842, "fuel_flow": 136.1547630535478, "temperature": 4043.5381241824825}
{"timestamp": "2025-07-11T17:09:46.346040", "engine_id": "ENG-002", "chamber_pressure": 264.33410731941655, "fuel_flow": 131.0262362159752, "temperature": 4198.543605911175}
{"timestamp": "2025-07-11T17:12:34.654812", "engine_id": "ENG-002", "chamber_pressure": 274.06495962396843, "fuel_flow": 127.18750053542556, "temperature": 4100.823945201984}
{"timestamp": "2025-07-11T17:12:50.009116", "engine_id": "ENG-004", "chamber_pressure": 283.6401567659815, "fuel_flow": 131.20850849933063, "temperature": 4090.9663920640924}
{"timestamp": "2025-07-11T17:13:19.256210", "engine_id": "ENG-001", "chamber_pressure": 291.9977235883929}
{"timestamp": "2025-07-11T17:13:46.563733", "engine_id": "ENG-004", "chamber_pressure": 283.8391882023077, "fuel_flow": 126.92898848033563, "temperature": 4029.7851407461158}
{"timestamp": "2025-07-11T17:14:07.008001", "engine_id": "ENG-005", "chamber_pressure": 280.61660466669747, "fuel_flow": 142.22761879511228, "temperature": 4069.860109922645}
{"timestamp": "2025-07-11T17:15:15.279503", "engine_id": "ENG-002", "chamber_pressure": 276.3476846498333, "fuel_flow": 114.66378231410614, "temperature": 4028.554483694532}
{"timestamp": "2025-07-11T17:17:25.773617", "engine_id": "ENG-002", "chamber_pressure": 259.9742194392623, "fuel_flow": 123.25942479834178, "temperature": 4143.8347248188265}
{"timestamp": "2025-07-11T17:17:41.827583", "engine_id": "ENG-001", "chamber_pressure": 283.30410932501434, "fuel_flow": 145.83709587595428, "temperature": 4048.5353794857897}
{"timestamp": "2025-07-11T17:18:45.740494", "engine_id": "ENG-003", "chamber_pressure": 293.1086555583351, "fuel_flow": 141.08894347887363, "temperature": 4029.434926168901}
{"timestamp": "2025-07-11T17:19:48.338841", "engine_id": "ENG-004", "chamber_pressure": 269.0248813868421, "fuel_flow": 137.41340292870265, "temperature": 4067.277584598667}
{"timestamp": "2025-07-11T17:21:51.576832", "engine_id": "ENG-003", "temperature": 4041.9637416623323}
{"timestamp": "2025-07-11T17:21:56.180498", "engine_id": "ENG-002", "chamber_pressure": 256.82345485503055, "fuel_flow": 132.3055973709982, "temperature": 4030.3938881277386}
{"timestamp": "2025-07-11T17:22:05.363792", "engine_id": "ENG-005", "chamber_pressure": 278.10485480540837, "fuel_flow": 137.82855346719646, "temperature": 4051.246340687549}
{"timestamp": "2025-07-11T17:22:15.445123", "engine_id": "ENG-004", "chamber_pressure": 272.6710356770706, "fuel_flow": 123.56571506702721, "temperature": 4062.872497785169}
{"timestamp": "2025-07-11T17:22:20.276305", "engine_id": "ENG-002", "chamber_pressure": 259.02564980107735, "fuel_flow": 121.89150908130694}
{"timestamp": "2025-07-11T17:23:24.427203", "engine_id": "ENG-005", "fuel_flow": 139.23395475234443, "temperature": 4096.682730588071}
{"timestamp": "2025-07-11T17:24:03.320522", "engine_id": "ENG-002", "chamber_pressure": 253.52279003955465, "fuel_flow": 132.09574201685962, "temperature": 4224.8984096450995}
{"timestamp": "2025-07-11T17:26:04.359626", "engine_id": "ENG-004", "chamber_pressure": 273.33626908799835, "fuel_flow": 127.09394585622577, "temperature": 4162.709913378918}
{"timestamp": "2025-07-11T17:26:45.453515", "engine_id": "ENG-004", "chamber_pressure": 277.31375471838356, "fuel_flow": 131.89235514799088, "temperature": 9717.191011311255}
{"timestamp": "2025-07-11T17:27:13.872985", "engine_id": "ENG-001", "chamber_pressure": 287.489240733498, "fuel_flow": 139.81434048720192, "temperature": 4179.37332082005}
{"timestamp": "2025-07-11T17:27:24.332433", "engine_id": "ENG-003", "chamber_pressure": 282.91507193968783, "fuel_flow": 150.99402390545723, "temperature": 4050.8040801009083}
